종목코드,종목명,상장일,분류체계,운용사,수익률(최근 1년),기초지수,추적오차,순자산총액,괴리율,변동성,복제방법,총보수,과세유형
466400,1Q 25-08 회사채(A+이상)액티브,2023.9.19,채권-회사채-단기,하나자산운용,0,KIS 2025-08만기형 크레딧 A+이상 지수(총수익),0.16,1.11924E+11,0.04,매우낮음,실물(액티브),0.1,배당소득세(보유기간과세)
451060,1Q K200액티브,2023.1.31,주식-시장대표,하나자산운용,14.84,코스피 200,0.71,1.54518E+11,-0.57,보통,실물(액티브),0.18,배당소득세(보유기간과세)
463290,1Q 단기금융채액티브,2023.8.3,채권-혼합-단기,하나자산운용,0,MK 머니마켓 지수(총수익),0.07,2.07675E+11,0.02,매우낮음,실물(액티브),0.08,배당소득세(보유기간과세)
479080,1Q 머니마켓액티브,2024.4.2,채권-혼합-단기,하나자산운용,0,KIS-하나 MMF 지수(총수익),0.05,3.34419E+11,0.01,매우낮음,실물(액티브),0.05,배당소득세(보유기간과세)
473440,ACE 11월만기자동연장회사채AA-이상액티브,2023.12.19,채권-회사채-단기,한국투자신탁운용,0,KIS 11월 만기자동연장회사채(AA-이상) 총수익지수,0.06,1.2601E+11,0.06,매우낮음,실물(액티브),0.05,배당소득세(보유기간과세)
105190,ACE 200,2008.9.25,주식-시장대표,한국투자신탁운용,13.45,코스피 200,0.62,5.08744E+11,-0.25,보통,실물(패시브),0.09,비과세
332500,ACE 200TR,2019.8.28,주식-시장대표,한국투자신탁운용,15.29,코스피 200 TR,0.17,43244095087,-0.54,보통,실물(패시브),0.03,배당소득세(보유기간과세)
448880,ACE 24-12 회사채(AA-이상)액티브,2022.11.22,채권-회사채-단기,한국투자신탁운용,-1.02,KIS 크레딧 2412만기형 총수익지수,0.14,2.2798E+11,0.04,매우낮음,실물(액티브),0.05,배당소득세(보유기간과세)
461260,ACE 25-06 회사채(AA-이상)액티브,2023.6.20,채권-회사채-단기,한국투자신탁운용,5.32,KIS 크레딧 2506만기형(AA-이상)지수(총수익지수),0.14,1.16251E+11,0.16,매우낮음,실물(액티브),0.05,배당소득세(보유기간과세)
461270,ACE 26-06 회사채(AA-이상)액티브,2023.6.20,채권-회사채-단기,한국투자신탁운용,6.42,KIS 크레딧 2606만기형(AA-이상)지수(총수익지수),0.2,1.54256E+11,0.05,매우낮음,실물(액티브),0.05,배당소득세(보유기간과세)
475260,ACE 2월만기자동연장회사채AA-이상액티브,2024.1.23,채권-회사채-단기,한국투자신탁운용,0,KAP 2월 만기자동연장회사채(AA-이상) 총수익지수,0.06,1.18588E+11,0.07,매우낮음,실물(액티브),0.05,배당소득세(보유기간과세)
385600,ACE 2차전지&친환경차액티브,2021.5.25,주식-전략-전략테마,한국투자신탁운용,-21.93,FnGuide 친환경 자동차 밸류체인 지수,17.96,19671485928,-0.27,매우높음,실물(액티브),0.29,배당소득세(보유기간과세)
475270,ACE 5월만기자동연장회사채AA-이상액티브,2024.1.23,채권-회사채-단기,한국투자신탁운용,0,KIS 5월 만기자동연장회사채(AA-이상) 총수익지수,0.11,92649609760,0,매우낮음,실물(액티브),0.05,배당소득세(보유기간과세)
475280,ACE 8월만기자동연장회사채AA-이상액티브,2024.1.23,채권-회사채-단기,한국투자신탁운용,0,KAP 8월 만기자동연장회사채(AA-이상) 총수익지수,0.03,30896291559,0.03,매우낮음,실물(액티브),0.05,배당소득세(보유기간과세)
469150,ACE AI반도체포커스,2023.10.17,주식-업종섹터-업종테마,한국투자신탁운용,0,FnGuide AI 반도체 포커스 지수(시장가격),0.32,59683724280,-0.35,매우높음,실물(패시브),0.3,비과세
487340,ACE CD금리&초단기채권액티브,2024.7.9,채권-회사채-단기,한국투자신탁운용,0,MK-KAP CD 금리 & 초단기 채권 총수익 지수,0.02,56194081619,0.03,매우낮음,실물(액티브),0.05,배당소득세(보유기간과세)
385590,ACE ESG액티브,2021.5.25,주식-전략-전략테마,한국투자신탁운용,13.29,MSCI Korea Country ESG Leaders Custom Capped Price return Index,5.55,28204250743,-0.38,보통,실물(액티브),0.5,배당소득세(보유기간과세)
380340,ACE Fn5G플러스,2021.4.2,주식-업종섹터-업종테마,한국투자신탁운용,21.88,FnGuide 5G플러스 지수 (시장가격),0.7,7626882302,-0.56,매우높음,실물(패시브),0.35,비과세
226380,ACE Fn성장소비주도주,2015.8.19,주식-전략-전략테마,한국투자신탁운용,3.42,FnGuide 성장소비주도 지수,0.55,6667354236,-0.19,보통,실물(패시브),0.5,비과세
475050,ACE KPOP포커스,2024.1.30,주식-업종섹터-업종테마,한국투자신탁운용,0,iSelect K-POP 포커스지수(시장가격),0.06,20808276326,-0.28,매우높음,실물(패시브),0.3,비과세
411060,ACE KRX금현물,2021.12.15,원자재-금속-금,한국투자신탁운용,37.31,KRX 금현물지수,0.06,2.74272E+11,0.84,보통,실물(패시브),0.5,배당소득세(보유기간과세)
365780,ACE 국고채10년,2020.10.15,채권-국공채-장기,한국투자신탁운용,4.05,KIS 10년 국고채 지수 (총수익),0.15,1.6644E+11,0.01,매우낮음,실물(패시브),0.02,배당소득세(보유기간과세)
114460,ACE 국고채3년,2009.7.31,채권-국공채-중기,한국투자신탁운용,1.19,KTB INDEX(시장가격),0.15,18543279894,0.02,매우낮음,실물(패시브),0.15,배당소득세(보유기간과세)
440640,ACE 단기채권알파액티브,2022.8.23,채권-혼합-단기,한국투자신탁운용,3.96,KIS 단기채권알파AA-이상 총수익지수,0.08,55321702748,0.03,매우낮음,실물(액티브),0.15,배당소득세(보유기간과세)
190620,ACE 단기통안채,2013.12.23,채권-국공채-단기,한국투자신탁운용,0.24,KIS MSB 단기지수(총수익),0.04,1.53488E+11,0.01,매우낮음,실물(패시브),0.07,배당소득세(보유기간과세)
152500,ACE 레버리지,2012.1.27,주식-시장대표,한국투자신탁운용,24.39,코스피 200,3.14,11288647106,0.13,매우높음,실물(패시브),0.3,배당소득세(보유기간과세)
143460,ACE 밸류대형,2011.6.21,주식-규모-대형주,한국투자신탁운용,19.26,FnGuide-RAFI 코리아 대형 지수,0.96,5314960770,-0.38,보통,실물(패시브),0.15,비과세
131890,ACE 삼성그룹동일가중,2010.9.17,주식-전략-기업그룹,한국투자신탁운용,13.12,MKF SAMs EW 지수,0.85,9336720692,-0.29,보통,실물(패시브),0.15,비과세
108450,ACE 삼성그룹섹터가중,2009.2.3,주식-전략-기업그룹,한국투자신탁운용,0.56,MKF SAMs SW,0.35,56713715896,-0.36,보통,실물(패시브),0.15,비과세
322130,ACE 스마트로우볼,2019.4.16,주식-전략-변동성,한국투자신탁운용,18.39,FnGuide 스마트 로우볼 지수,0.8,1740302883,-0.85,보통,실물(패시브),0.19,비과세
272220,ACE 스마트모멘텀,2017.7.11,주식-전략-성장,한국투자신탁운용,15.15,FnGuide 스마트 모멘텀 지수,0.75,1663756966,-0.86,보통,실물(패시브),0.19,비과세
272230,ACE 스마트밸류,2017.7.11,주식-전략-가치,한국투자신탁운용,20.9,FnGuide 스마트 밸류 지수,0.74,1572528608,-0.86,보통,실물(패시브),0.19,비과세
322120,ACE 스마트퀄리티,2019.4.16,주식-전략-혼합/퀀트,한국투자신탁운용,9.29,FnGuide 스마트 퀄리티 지수,0.46,3384035859,-0.89,보통,실물(패시브),0.19,비과세
322150,ACE 스마트하이베타,2019.4.16,주식-전략-변동성,한국투자신탁운용,5.7,FnGuide 스마트 하이베타 지수,0.49,2822381521,-0.86,보통,실물(패시브),0.19,비과세
433500,ACE 원자력테마딥서치,2022.6.28,주식-업종섹터-업종테마,한국투자신탁운용,52.55,DeepSearch 원자력테마 지수 (시장가격지수),0.59,16284836668,-0.05,높음,실물(패시브),0.3,비과세
145670,ACE 인버스,2011.9.8,주식-시장대표,한국투자신탁운용,-10.25,코스피 200 선물지수,0.19,2472124117,0.02,보통,실물(패시브),0.15,배당소득세(보유기간과세)
356540,ACE 종합채권(AA-이상)KIS액티브,2020.7.21,채권-혼합-중기,한국투자신탁운용,7.58,KIS 종합채권 AA-이상 총수익 지수(Total return Index),0.27,7.80772E+11,-0.04,매우낮음,실물(액티브),0.02,배당소득세(보유기간과세)
447430,ACE 주주환원가치주액티브,2022.11.15,주식-전략-가치,한국투자신탁운용,15.21,FnGuide 올라운드 가치주 지수,7.93,16298783266,0.06,낮음,실물(액티브),0.7,배당소득세(보유기간과세)
272910,ACE 중장기국공채액티브,2017.6.29,채권-국공채-중기,한국투자신탁운용,6.14,KIS 종합채권국공채1-10Y지수,0.23,37667847405,0.07,매우낮음,실물(액티브),0.08,배당소득세(보유기간과세)
354500,ACE 코스닥150,2020.5.7,주식-시장대표,한국투자신탁운용,-5.55,코스닥 150,0.1,21991828057,-0.29,매우높음,실물(패시브),0.02,비과세
305050,ACE 코스피,2018.10.5,주식-시장대표,한국투자신탁운용,8.91,코스피,0.53,7282367854,-0.34,보통,실물(패시브),0.02,비과세
469170,ACE 포스코그룹포커스,2023.10.17,주식-전략-기업그룹,한국투자신탁운용,0,FnGuide 포스코그룹포커스 지수(시장가격),0.74,42285086279,-0.47,매우높음,실물(패시브),0.3,비과세
152100,ARIRANG 200,2012.1.10,주식-시장대표,한화자산운용,13.34,코스피 200,0.62,7.07857E+11,-0.24,보통,실물(패시브),0.017,비과세
253150,ARIRANG 200선물레버리지,2016.9.29,주식-시장대표,한화자산운용,23.47,코스피 200 선물지수,0.76,9908115784,-0.37,매우높음,실물(패시브),0.06,배당소득세(보유기간과세)
253160,ARIRANG 200선물인버스2X,2016.9.22,주식-시장대표,한화자산운용,-24.42,코스피 200 선물지수,0.37,6023769078,0.27,매우높음,실물(패시브),0.06,배당소득세(보유기간과세)
395750,ARIRANG ESG가치주액티브,2021.7.30,주식-전략-전략테마,한화자산운용,10.63,FnGuide 한화 ESG 가치 지수,2.27,10442253334,-0.28,보통,실물(액티브),0.105,배당소득세(보유기간과세)
395760,ARIRANG ESG성장주액티브,2021.7.30,주식-전략-전략테마,한화자산운용,12.02,FnGuide 한화 ESG 성장 지수,3.14,7407114829,0.12,보통,실물(액티브),0.105,배당소득세(보유기간과세)
436180,ARIRANG K-유니콘투자기업액티브,2022.7.13,주식-전략-전략테마,한화자산운용,10.07,FnGuide K-유니콘 투자기업 지수,2.21,3140533158,-0.32,보통,실물(액티브),0.45,배당소득세(보유기간과세)
453010,ARIRANG KOFR금리,2023.3.14,기타,한화자산운용,3.53,KOFR 지수,0.24,81649281351,-0.01,매우낮음,실물(패시브),0.05,배당소득세(보유기간과세)
333940,ARIRANG KS로우볼가중TR,2019.9.5,주식-전략-변동성,한화자산운용,23.29,FnGuide KS 로우볼 가중 TR 지수,0.47,8118981794,0.06,보통,실물(패시브),0.25,배당소득세(보유기간과세)
333950,ARIRANG KS로우사이즈가중TR,2019.9.5,주식-전략-혼합/퀀트,한화자산운용,7.97,FnGuide KS 로우사이즈 가중 TR 지수,0.28,8583165600,0.17,보통,실물(패시브),0.25,배당소득세(보유기간과세)
333960,ARIRANG KS모멘텀가중TR,2019.9.5,주식-전략-성장,한화자산운용,15.95,FnGuide KS 모멘텀 가중 TR 지수,0.35,9064887716,0.14,높음,실물(패시브),0.25,배당소득세(보유기간과세)
333970,ARIRANG KS밸류가중TR,2019.9.5,주식-전략-가치,한화자산운용,17.32,FnGuide KS 밸류 가중 TR 지수,0.45,8724584103,0.15,보통,실물(패시브),0.25,배당소득세(보유기간과세)
333980,ARIRANG KS퀄리티가중TR,2019.9.5,주식-전략-혼합/퀀트,한화자산운용,13.66,FnGuide KS 퀄리티 가중 TR 지수,0.32,1598271511,-0.3,보통,실물(패시브),0.25,배당소득세(보유기간과세)
429740,ARIRANG K리츠Fn,2022.5.24,부동산-리츠,한화자산운용,2.96,FnGuide 리츠 지수,0.44,7877721049,-0.17,낮음,실물(패시브),0.25,비과세(분리과세부동산ETF)
449450,ARIRANG K방산Fn,2023.1.5,주식-업종섹터-업종테마,한화자산운용,37,FnGuide K-방위산업 지수,0.22,1.50168E+11,-0.09,매우높음,실물(패시브),0.45,비과세
251590,ARIRANG 고배당저변동50,2016.8.11,주식-전략-배당,한화자산운용,21.05,FnGuide 고배당저변동50 지수,1.03,6970161867,-0.18,낮음,실물(패시브),0.23,비과세
161510,ARIRANG 고배당주,2012.8.29,주식-전략-배당,한화자산운용,37.63,FnGuide 배당주 지수,2.11,4.22908E+11,0.01,보통,실물(패시브),0.23,비과세
251600,ARIRANG 고배당주채권혼합,2016.8.11,혼합자산-주식+채권,한화자산운용,17.67,FnGuide 고배당 채권혼합 지수,0.86,32402352281,-0.06,매우낮음,실물(패시브),0.2,배당소득세(보유기간과세)
461460,ARIRANG 국고채10년액티브,2023.7.18,채권-국공채-장기,한화자산운용,7.48,KAP 국고채 10년 동일가중 지수(총수익),0.17,1.76838E+11,0.03,매우낮음,실물(액티브),0.045,배당소득세(보유기간과세)
451600,ARIRANG 국고채30년액티브,2023.2.7,채권-국공채-장기,한화자산운용,15.11,KAP 국고채 30년 지수(총수익),0.3,1.4957E+11,0.09,낮음,실물(액티브),0.05,배당소득세(보유기간과세)
289670,ARIRANG 국채선물10년,2018.2.7,채권-국공채-장기,한화자산운용,6.08,10년국채선물지수,0.28,7418527860,-0.01,매우낮음,실물(패시브),0.05,배당소득세(보유기간과세)
298340,ARIRANG 국채선물3년,2018.6.8,채권-국공채-중기,한화자산운용,4.18,국채선물지수,0.17,6631077741,-0.06,매우낮음,실물(패시브),0.1,배당소득세(보유기간과세)
278620,ARIRANG 단기채권액티브,2017.9.26,채권-혼합-단기,한화자산운용,4.29,"KAP 투자적격 크레딧 채권 1년 지수(A- 이상,총수익)",0.24,1.23531E+11,0.04,매우낮음,실물(액티브),0.07,배당소득세(보유기간과세)
477050,ARIRANG 머니마켓액티브,2024.3.26,채권-혼합-단기,한화자산운용,0,KAP 시가평가 MMF 지수(총수익),0.03,4.54195E+11,0.03,매우낮음,실물(액티브),0.05,배당소득세(보유기간과세)
238670,ARIRANG 스마트베타Quality채권혼합,2016.2.24,혼합자산-주식+채권,한화자산운용,2.54,WISE-KAP 스마트베타 Quality 채권혼합지수,0.24,4356734226,-0.11,매우낮음,실물(패시브),0.2,배당소득세(보유기간과세)
239660,ARIRANG 우량회사채50 1년,2016.3.22,채권-회사채,한화자산운용,4.08,KOBI HALF CREDIT Index(총수익),0.16,21010329540,0.01,매우낮음,실물(패시브),0.135,배당소득세(보유기간과세)
421320,ARIRANG 우주항공&UAM iSelect,2022.3.29,주식-업종섹터-업종테마,한화자산운용,23.48,iSelect 우주항공UAM 지수,0.46,83950862141,-0.04,높음,실물(패시브),0.45,비과세
451000,ARIRANG 종합채권(AA-이상)액티브,2023.1.10,채권-혼합-중기,한화자산운용,7.35,"KAP 종합채권지수(AA-이상, 총수익)",0.16,3.41361E+11,-0.04,매우낮음,실물(액티브),0.045,배당소득세(보유기간과세)
280920,ARIRANG 주도업종,2017.10.17,주식-전략-혼합/퀀트,한화자산운용,24.47,FnGuide 주도업종 지수,0.77,6336444650,-0.01,높음,실물(패시브),0.23,비과세
266550,ARIRANG 중형주저변동50,2017.3.28,주식-규모-중형주,한화자산운용,20.9,FnGuide 중형주저변동50지수,0.72,3166493519,0.03,보통,실물(패시브),0.23,비과세
301400,ARIRANG 코스닥150,2018.7.5,주식-시장대표,한화자산운용,-5.22,코스닥 150,0.35,4142677215,-0.06,매우높음,실물(패시브),0.15,비과세
301410,ARIRANG 코스닥150선물인버스,2018.7.11,주식-시장대표,한화자산운용,-4.75,F-코스닥150 지수,0.57,3047721825,-0.57,매우높음,실물(패시브),0.29,배당소득세(보유기간과세)
227830,ARIRANG 코스피,2015.9.23,주식-시장대표,한화자산운용,8.92,코스피,0.53,7334487003,0.13,보통,실물(패시브),0.2,비과세
122090,ARIRANG 코스피50,2010.1.7,주식-시장대표,한화자산운용,13.47,코스피 50,0.72,9730007597,0.05,보통,실물(패시브),0.33,비과세
328370,ARIRANG 코스피TR,2019.6.25,주식-시장대표,한화자산운용,10.99,코스피 TR,0.19,1.92434E+11,0.18,보통,실물(패시브),0.15,배당소득세(보유기간과세)
457990,ARIRANG 태양광&ESS Fn,2023.6.20,주식-업종섹터-업종테마,한화자산운용,2.77,FnGuide 태양광 & ESS 지수,0.93,6230632218,0.05,매우높음,실물(패시브),0.45,비과세
470320,BNK 24-11 회사채(AA-이상)액티브,2023.11.14,채권-회사채-단기,비엔케이자산운용,0,KAP 24-11 회사채 총수익 지수(AA-이상),0.07,1.1044E+11,0.03,매우낮음,실물(액티브),0.1,배당소득세(보유기간과세)
466810,BNK 2차전지양극재,2023.10.19,주식-업종섹터-업종테마,비엔케이자산운용,0,iSelect 2차전지양극재 지수,0.4,5607264122,0.01,매우높음,실물(패시브),0.395,비과세
457930,BNK 미래전략기술액티브,2023.6.20,주식-업종섹터-업종테마,비엔케이자산운용,9.68,iSelect 미래전략기술 지수 (PR),0.48,8408862339,0.03,보통,실물(액티브),0.495,배당소득세(보유기간과세)
445690,BNK 주주가치액티브,2022.10.27,주식-전략-전략테마,비엔케이자산운용,21.99,FnGuide 주주가치 지수,5.02,15839623071,0.18,보통,실물(액티브),0.495,배당소득세(보유기간과세)
486240,DAISHIN343 AI반도체&인프라액티브,2024.6.18,주식-업종섹터-업종테마,대신자산운용,0,FnGuide AI반도체&인프라 지수,3.41,40446614256,-0.51,높음,실물(액티브),0.36,배당소득세(보유기간과세)
434960,DAISHIN343 K200,2022.6.28,주식-시장대표,대신자산운용,13.05,코스피 200,0.63,33437210229,-0.24,보통,실물(패시브),0.1,비과세
448570,FOCUS AI코리아액티브,2022.11.15,주식-시장대표,브이아이자산운용,12.65,코스피,4.18,19681557286,-0.91,보통,실물(액티브),0.455,배당소득세(보유기간과세)
285690,FOCUS ESG리더스,2017.12.13,주식-전략-전략테마,브이아이자산운용,14.63,KRX ESG Leaders 150,0.67,9201343796,-0.54,보통,실물(패시브),0.1,비과세
292730,FOCUS KRX300,2018.3.26,주식-시장대표,브이아이자산운용,12.25,KRX 300,0.58,11306659603,-1.27,보통,실물(패시브),0.1,비과세
402520,FOCUS 혁신기업액티브,2021.9.30,주식-시장대표,브이아이자산운용,10.74,코스피,8.32,946841311,-0.35,보통,실물(액티브),0.66,배당소득세(보유기간과세)
293180,HANARO 200,2018.3.30,주식-시장대표,엔에이치아문디자산운용,13.25,코스피 200,0.63,4.96828E+11,-0.24,보통,실물(패시브),0.036,비과세
407310,HANARO 200 TOP10,2021.11.24,주식-규모-대형주,엔에이치아문디자산운용,-1.09,코스피 200 Top 10 지수,0.89,12635316776,-0.62,높음,실물(패시브),0.15,비과세
332930,HANARO 200TR,2019.8.28,주식-시장대표,엔에이치아문디자산운용,15.14,코스피 200 TR,0.15,1.11609E+11,-0.57,보통,실물(패시브),0.07,배당소득세(보유기간과세)
304780,HANARO 200선물레버리지,2018.8.14,주식-시장대표,엔에이치아문디자산운용,23.59,코스피 200 선물지수,0.86,45253967677,-0.37,매우높음,실물(패시브),0.45,배당소득세(보유기간과세)
486780,HANARO 200선물레버리지1.5X,2024.7.9,주식-시장대표,엔에이치아문디자산운용,0,코스피 200 선물지수,0.06,7871825716,-0.46,높음,실물(패시브),0.25,배당소득세(보유기간과세)
306520,HANARO 200선물인버스,2018.9.18,주식-시장대표,엔에이치아문디자산운용,-10.29,코스피 200 선물지수,0.16,4139960210,0.44,보통,실물(패시브),0.45,배당소득세(보유기간과세)
448490,HANARO 32-10 국고채액티브,2022.11.22,채권-국공채-장기,엔에이치아문디자산운용,6.86,KAP 32-10 국고채 10년 총수익지수,0.21,45610324300,-0.05,매우낮음,실물(액티브),0.05,배당소득세(보유기간과세)
454320,HANARO CAPEX설비투자iSelect,2023.4.18,주식-업종섹터-업종테마,엔에이치아문디자산운용,28.1,iSelect CAPEX 설비투자 지수(시장가격),0.33,44553290856,-0.38,매우높음,실물(패시브),0.45,비과세
471290,HANARO CD금리액티브(합성),2023.11.14,기타,엔에이치아문디자산운용,0,iSelect CD Index(총수익),0.02,11781858471,-0.01,매우낮음,합성(액티브),0.02,배당소득세(보유기간과세)
395290,HANARO Fn K-POP&미디어,2021.7.30,주식-업종섹터-업종테마,엔에이치아문디자산운용,-36.84,FnGuide K-POP & 미디어 지수,0.16,1.30462E+11,-0.01,매우높음,실물(패시브),0.45,비과세
395280,HANARO Fn K-게임,2021.7.30,주식-업종섹터-업종테마,엔에이치아문디자산운용,-5.17,FnGuide K-게임 지수,0.32,13352765673,-0.45,매우높음,실물(패시브),0.45,비과세
368190,HANARO Fn K-뉴딜디지털플러스,2020.11.10,주식-업종섹터-업종테마,엔에이치아문디자산운용,-19.19,FnGuide K-뉴딜 디지털 플러스 지수,0.24,35898007015,-0.23,매우높음,실물(패시브),0.45,비과세
402460,HANARO Fn K-메타버스MZ,2021.10.13,주식-업종섹터-업종테마,엔에이치아문디자산운용,-3.44,FnGuide K-메타버스 MZ 지수(시장가격),0.56,5681038156,0.07,보통,실물(패시브),0.45,비과세
395270,HANARO Fn K-반도체,2021.7.30,주식-업종섹터-업종테마,엔에이치아문디자산운용,34.08,FnGuide K-반도체 지수,0.35,1.74358E+11,-0.3,높음,실물(패시브),0.45,비과세
438900,HANARO Fn K-푸드,2022.8.17,주식-업종섹터-업종테마,엔에이치아문디자산운용,31.06,FnGuide K-푸드 지수 (시장가격),0.27,17786379858,-0.35,높음,실물(패시브),0.45,비과세
367740,HANARO Fn5G산업,2020.10.29,주식-업종섹터-업종테마,엔에이치아문디자산운용,20.6,FnGuide 5G 산업 지수,1.04,5828302034,0.03,보통,실물(패시브),0.45,비과세
407300,HANARO Fn골프테마,2021.11.24,주식-업종섹터-업종테마,엔에이치아문디자산운용,-4.06,FnGuide 골프 테마 지수,0.39,3338451597,-0.74,보통,실물(패시브),0.45,비과세
381560,HANARO Fn전기&수소차,2021.4.2,주식-업종섹터-업종테마,엔에이치아문디자산운용,-11.88,FnGuide 전기&수소차 지수 (시장가격),0.98,19588998052,-0.3,높음,실물(패시브),0.45,비과세
441540,HANARO Fn조선해운,2022.9.15,주식-업종섹터-업종테마,엔에이치아문디자산운용,8.56,FnGuide 조선해운지수,0.58,45075084120,-0.04,매우높음,실물(패시브),0.45,비과세
381570,HANARO Fn친환경에너지,2021.4.2,주식-업종섹터-업종테마,엔에이치아문디자산운용,-23.34,FnGuide 친환경에너지 지수 (시장가격),0.25,4586886244,0.13,매우높음,실물(패시브),0.45,비과세
473380,HANARO K-메디테크,2023.12.21,주식-업종섹터-업종테마,엔에이치아문디자산운용,0,iSelect K-메디테크 지수(PR),0.89,4333331165,-0.71,매우높음,실물(패시브),0.45,비과세
479850,HANARO K-뷰티,2024.4.16,주식-업종섹터-업종테마,엔에이치아문디자산운용,0,FnGuide K-뷰티 지수,0.12,9353268909,-0.05,매우높음,실물(패시브),0.45,비과세
346000,HANARO KAP초장기국고채,2020.1.16,채권-국공채-장기,엔에이치아문디자산운용,7.5,KAP 초장기 국고채 지수(총수익),0.28,7245882584,-0.11,낮음,실물(패시브),0.2,배당소득세(보유기간과세)
453060,HANARO KOFR금리액티브(합성),2023.3.14,기타,엔에이치아문디자산운용,3.66,KOFR 지수,0,12595947068,0.01,매우낮음,합성(액티브),0.05,배당소득세(보유기간과세)
304760,HANARO KRX300,2018.8.14,주식-시장대표,엔에이치아문디자산운용,11.86,KRX 300,0.58,6336128333,-0.74,보통,실물(패시브),0.05,비과세
404470,HANARO KRX기후변화솔루션,2021.10.29,주식-전략-전략테마,엔에이치아문디자산운용,-14.14,KRX 기후변화 솔루션지수,0.51,4665589950,-0.33,매우높음,실물(패시브),0.25,비과세
332940,HANARO MSCI Korea TR,2019.8.28,주식-시장대표,엔에이치아문디자산운용,12.77,MSCI Korea TR Index,0.25,1.98616E+11,0,보통,실물(패시브),0.12,배당소득세(보유기간과세)
322400,HANARO e커머스,2019.4.23,주식-업종섹터-업종테마,엔에이치아문디자산운용,-7.99,FnGuide E커머스 지수,0.31,47374184973,-0.34,높음,실물(패시브),0.45,비과세
322410,HANARO 고배당,2019.4.23,주식-전략-배당,엔에이치아문디자산운용,21.72,FnGuide 고배당 알파 지수,2.04,5267883561,-0.23,낮음,실물(패시브),0.25,비과세
314700,HANARO 농업융복합산업,2018.12.21,주식-업종섹터-업종테마,엔에이치아문디자산운용,-11.23,FnGuide 농업융복합산업 지수(시장가격),0.62,5520564398,0.03,보통,실물(패시브),0.5,비과세
390950,HANARO 단기채권액티브,2021.6.25,채권-국공채-단기,엔에이치아문디자산운용,3.49,KAP 단기 통안채 지수(총수익),0.04,5255603673,0.02,매우낮음,실물(액티브),0.1,배당소득세(보유기간과세)
486830,HANARO 머니마켓액티브,2024.7.16,채권-혼합-단기,엔에이치아문디자산운용,0,KIS-NH Amundi MMF지수,0.07,1.10046E+11,0.03,매우낮음,실물(액티브),0.04,배당소득세(보유기간과세)
476260,HANARO 반도체핵심공정주도주,2024.2.27,주식-업종섹터-업종테마,엔에이치아문디자산운용,0,FnGuide 반도체 핵심공정 지수,0.63,4254164384,0.07,매우높음,실물(패시브),0.45,비과세
434730,HANARO 원자력iSelect,2022.6.28,주식-업종섹터-업종테마,엔에이치아문디자산운용,64.93,iSelect 원자력지수 (시장가격),0.35,58715994761,0.05,매우높음,실물(패시브),0.45,비과세
461500,HANARO 종합채권(AA-이상)액티브,2023.10.26,채권-혼합,엔에이치아문디자산운용,0,KAP 종합채권 총수익지수(AA-이상),0.17,75407239481,0.04,매우낮음,실물(액티브),0.02,배당소득세(보유기간과세)
482870,HANARO 주주가치성장코리아액티브,2024.6.11,주식-전략-전략테마,엔에이치아문디자산운용,0,iSelect 주주가치성장 지수,7.87,13234411468,-0.35,낮음,실물(액티브),0.6,배당소득세(보유기간과세)
304770,HANARO 코스닥150,2018.8.14,주식-시장대표,엔에이치아문디자산운용,-4.98,코스닥 150,0.16,18058389563,-0.22,매우높음,실물(패시브),0.2,비과세
306530,HANARO 코스닥150선물레버리지,2018.9.18,주식-시장대표,엔에이치아문디자산운용,-14.36,F-코스닥150 지수,1.89,2732174515,0.16,매우높음,실물(패시브),0.45,배당소득세(보유기간과세)
486790,HANARO 코스닥150선물레버리지1.5X,2024.7.9,주식-시장대표,엔에이치아문디자산운용,0,F-코스닥150 지수,0.09,6768446236,-0.72,보통,실물(패시브),0.25,배당소득세(보유기간과세)
375760,HANARO 탄소효율그린뉴딜,2021.2.5,주식-전략-전략테마,엔에이치아문디자산운용,11.66,KRX/S&P 탄소효율 그린뉴딜지수,0.58,9664338111,0.11,보통,실물(패시브),0.2,비과세
215620,HK S&P코리아로우볼,2015.3.25,주식-전략-변동성,흥국자산운용,21.03,S&P Korea 저변동성 지수,2.62,6437478967,-0.64,낮음,실물(패시브),0.4,비과세
391670,HK 베스트일레븐액티브,2021.7.6,주식-시장대표,흥국자산운용,27.13,코스피 200,9.28,5089898802,-1.28,보통,실물(액티브),0.3,배당소득세(보유기간과세)
472920,HK 종합채권(AA-이상)액티브,2023.11.28,채권-혼합-중기,흥국자산운용,0,KAP 종합채권 AA- 이상 지수(총수익),0.21,1.12526E+11,-0.11,매우낮음,실물(액티브),0.036,배당소득세(보유기간과세)
391680,HK 하이볼액티브,2021.7.6,주식-시장대표,흥국자산운용,5.6,코스피 200,5.38,4780422764,-1.23,보통,실물(액티브),0.3,배당소득세(보유기간과세)
472840,ITF 200,2023.12.21,주식-시장대표,아이비케이자산운용,0,코스피 200,0.7,12704932972,-0.31,보통,실물(패시브),0.08,비과세
407170,KCGI 스마트커머스액티브,2021.11.16,주식-업종섹터-업종테마,케이씨지아이자산운용,22.1,FnGuide 스마트커머스 지수,10,4277338567,-0.23,보통,실물(액티브),0.445,배당소득세(보유기간과세)
407160,KCGI 테크미디어텔레콤액티브,2021.11.16,주식-업종섹터-업종테마,케이씨지아이자산운용,11.86,FnGuide TMT 지수,9.03,5432390092,-0.68,보통,실물(액티브),0.445,배당소득세(보유기간과세)
481050,KODEX 1년은행양도성예금증서+액티브(합성),2024.4.23,기타,삼성자산운용,0,KAP 1년은행 CD+추가금리 지수(총수익지수),0.01,1.47503E+12,0.01,매우낮음,합성(액티브),0.05,배당소득세(보유기간과세)
069500,KODEX 200,2002.10.14,주식-시장대표,삼성자산운용,13.31,코스피 200,0.63,6.80664E+12,-0.23,보통,실물(패시브),0.15,비과세
226980,KODEX 200 중소형,2015.9.1,주식-규모-중형주,삼성자산운용,14.74,코스피 200 중소형주지수,0.51,11024988066,-0.05,보통,실물(패시브),0.3,비과세
337160,KODEX 200ESG,2019.11.14,주식-전략-전략테마,삼성자산운용,14.42,코스피 200 ESG 지수,0.77,34501100036,-0.35,보통,실물(패시브),0.09,비과세
363580,KODEX 200IT TR,2020.9.25,주식-업종섹터-정보기술,삼성자산운용,9.44,코스피200 정보기술 TR,0.12,1.02909E+11,-0.48,높음,실물(패시브),0.15,배당소득세(보유기간과세)
278530,KODEX 200TR,2017.11.21,주식-시장대표,삼성자산운용,15.34,코스피 200 TR,0.22,2.37306E+12,-0.38,보통,실물(패시브),0.05,배당소득세(보유기간과세)
337150,KODEX 200exTOP,2019.11.14,주식-규모-대형주,삼성자산운용,9.93,코스피 200 초대형제외 지수,0.61,16248924600,-0.35,보통,실물(패시브),0.3,비과세
223190,KODEX 200가치저변동,2015.6.26,주식-전략-가치,삼성자산운용,25.23,코스피 200 가치저변동성,1.1,13491491341,-0.24,보통,실물(패시브),0.26,비과세
252650,KODEX 200동일가중,2016.9.20,주식-시장대표,삼성자산운용,10.67,코스피 200 동일가중지수,0.45,6887534402,-0.65,낮음,실물(패시브),0.21,비과세
360140,KODEX 200롱코스닥150숏선물,2020.8.21,주식-전략-전략테마,삼성자산운용,11.06,코스피200 롱 100% 코스닥150 숏 100% 선물지수,1.66,26427437229,0.02,높음,실물(패시브),0.64,배당소득세(보유기간과세)
252670,KODEX 200선물인버스2X,2016.9.22,주식-시장대표,삼성자산운용,-25.51,코스피 200 선물지수,0.43,1.78416E+12,-0.34,매우높음,실물(패시브),0.64,배당소득세(보유기간과세)
465680,KODEX 24-12 은행채(AA+이상)액티브,2023.9.12,채권-혼합-단기,삼성자산운용,0,KAP 24-12 은행채 총수익 지수,0.06,2.19519E+12,-0.1,매우낮음,실물(액티브),0.05,배당소득세(보유기간과세)
476810,KODEX 25-11 은행채(AA-이상)PLUS액티브,2024.3.5,채권-회사채-단기,삼성자산운용,0,"KAP 25-11 은행채 PLUS 지수(AA-이상, 총수익)",0.14,1.00561E+12,0.05,매우낮음,실물(액티브),0.09,배당소득세(보유기간과세)
467940,KODEX 25-11 회사채(A+이상)액티브,2023.10.11,채권-회사채-단기,삼성자산운용,0,KAP 25-11 회사채 총수익 지수,0.11,3.78594E+11,0.08,매우낮음,실물(액티브),0.09,배당소득세(보유기간과세)
473290,KODEX 26-12 회사채(AA-이상)액티브,2023.12.12,채권-회사채-단기,삼성자산운용,0,KAP 26-12 회사채 총수익 지수(AA-이상),0.36,2.29169E+11,0.06,매우낮음,실물(액티브),0.09,배당소득세(보유기간과세)
305720,KODEX 2차전지산업,2018.9.12,주식-업종섹터-업종테마,삼성자산운용,-42.75,FnGuide 2차전지 산업 지수,0.45,1.17244E+12,-0.13,매우높음,실물(패시브),0.46,비과세
462330,KODEX 2차전지산업레버리지,2023.7.4,주식-업종섹터-업종테마,삼성자산운용,-74.78,FnGuide 2차전지 산업 지수,3.21,2.10177E+11,-0.26,매우높음,실물(패시브),0.49,배당소득세(보유기간과세)
461950,KODEX 2차전지핵심소재10 Fn,2023.7.4,주식-업종섹터-업종테마,삼성자산운용,-47.15,FnGuide 2차전지핵심소재10 지수,0.5,1.76869E+11,-0.04,매우높음,실물(패시브),0.39,비과세
457690,KODEX 33-06 국고채액티브,2023.5.31,채권-국공채-장기,삼성자산운용,7.02,KAP 33-06 국고채 총수익 지수,0.35,16544124405,0.01,매우낮음,실물(액티브),0.15,배당소득세(보유기간과세)
457700,KODEX 53-09 국고채액티브,2023.5.31,채권-국공채-장기,삼성자산운용,14.26,KAP 53-09 국고채 총수익 지수,0.75,17581055609,0.03,낮음,실물(액티브),0.15,배당소득세(보유기간과세)
471990,KODEX AI반도체핵심장비,2023.11.21,주식-업종섹터-업종테마,삼성자산운용,0,iSelect AI 반도체핵심장비 지수,0.76,1.83357E+11,0.01,매우높음,실물(패시브),0.39,비과세
487240,KODEX AI전력핵심설비,2024.7.9,주식-업종섹터-업종테마,삼성자산운용,0,iSelect AI 전력핵심설비 지수(Price Return),0.23,74239185609,0.28,매우높음,실물(패시브),0.39,비과세
459580,KODEX CD금리액티브(합성),2023.6.8,기타,삼성자산운용,3.71,KAP 양도성예금증서(CD)금리지수(총수익지수),0.09,9.42702E+12,0.02,매우낮음,합성(액티브),0.02,배당소득세(보유기간과세)
439860,KODEX ESG종합채권(A-이상)액티브,2022.8.23,채권-혼합,삼성자산운용,6.47,"KAP ESG 종합채권지수(A- 이상, 총수익)",0.22,2.82953E+11,-0.08,매우낮음,실물(액티브),0.07,배당소득세(보유기간과세)
368680,KODEX Fn K-뉴딜디지털플러스,2020.11.10,주식-업종섹터-업종테마,삼성자산운용,-18.44,FnGuide K-뉴딜 디지털 플러스 지수,0.27,9177203566,0.03,매우높음,실물(패시브),0.09,비과세
395170,KODEX Fn Top10동일가중,2021.7.30,주식-규모-대형주,삼성자산운용,-2.59,FnGuide TOP10 동일가중 지수,0.82,56011746432,-0.28,높음,실물(패시브),0.15,비과세
337120,KODEX Fn멀티팩터,2019.11.14,주식-전략-혼합/퀀트,삼성자산운용,8.56,FnGuide 멀티팩터 지수,0.62,8262988575,-0.96,낮음,실물(패시브),0.3,비과세
325010,KODEX Fn성장,2019.5.31,주식-전략-성장,삼성자산운용,5.12,FnGuide 성장 지수(PR),0.29,92941884105,-0.37,보통,실물(패시브),0.3,비과세
395160,KODEX Fn시스템반도체,2021.7.30,주식-업종섹터-업종테마,삼성자산운용,23.73,FnGuide 시스템반도체 지수,0.52,47708150280,-0.1,매우높음,실물(패시브),0.45,비과세
395150,KODEX Fn웹툰&드라마,2021.7.30,주식-업종섹터-업종테마,삼성자산운용,-23.96,FnGuide 웹툰&드라마 지수,0.45,23304648867,0.08,매우높음,실물(패시브),0.45,비과세
266370,KODEX IT,2017.3.28,주식-업종섹터-정보기술,삼성자산운용,10.62,KRX 정보기술,0.4,25615578560,-0.01,높음,실물(패시브),0.45,비과세
445290,KODEX K-로봇액티브,2022.11.15,주식-업종섹터-업종테마,삼성자산운용,7.51,iSelect K-로봇테마 지수,6.34,1.67231E+11,-0.37,높음,실물(액티브),0.5,배당소득세(보유기간과세)
401470,KODEX K-메타버스액티브,2021.10.13,주식-업종섹터-업종테마,삼성자산운용,-14.75,FnGuide K-메타버스 지수,6.89,1.30108E+11,-0.43,높음,실물(액티브),0.5,배당소득세(보유기간과세)
385520,KODEX K-미래차액티브,2021.5.25,주식-전략-전략테마,삼성자산운용,-9.48,FnGuide K-미래차 지수,7.21,24827887220,0.04,높음,실물(액티브),0.5,배당소득세(보유기간과세)
385510,KODEX K-신재생에너지액티브,2021.5.25,주식-전략-전략테마,삼성자산운용,18.67,FnGuide K-신재생에너지 플러스 지수,22.09,50267964883,-0.38,매우높음,실물(액티브),0.5,배당소득세(보유기간과세)
373490,KODEX K-이노베이션액티브,2020.12.24,주식-전략-전략테마,삼성자산운용,20.18,FnGuide K-이노베이션 지수,18.15,4139629490,-0.93,높음,실물(액티브),0.5,배당소득세(보유기간과세)
445150,KODEX K-친환경선박액티브,2022.11.15,주식-업종섹터-업종테마,삼성자산운용,2.64,FnGuide K-친환경 선박 지수,8.8,33364515524,0.06,매우높음,실물(액티브),0.5,배당소득세(보유기간과세)
423160,KODEX KOFR금리액티브(합성),2022.4.26,기타,삼성자산운용,3.66,KOFR 지수,0.06,4.65781E+12,0.01,매우낮음,합성(액티브),0.05,배당소득세(보유기간과세)
292190,KODEX KRX300,2018.3.26,주식-시장대표,삼성자산운용,12.62,KRX 300,0.62,22011929715,-0.02,보통,실물(패시브),0.05,비과세
306950,KODEX KRX300레버리지,2018.10.16,주식-시장대표,삼성자산운용,22.07,KRX 300,4.94,17328532156,-0.89,매우높음,실물(패시브),0.64,배당소득세(보유기간과세)
404260,KODEX KRX기후변화솔루션,2021.10.29,주식-전략-전략테마,삼성자산운용,-14.17,KRX 기후변화 솔루션지수,0.57,18667360165,-0.62,매우높음,실물(패시브),0.09,비과세
229720,KODEX KTOP30,2015.10.14,주식-시장대표,삼성자산운용,-0.3,KTOP 30,0.57,9069660049,-0.58,보통,실물(패시브),0.21,비과세
289040,KODEX MSCI KOREA ESG유니버설,2018.2.7,주식-전략-전략테마,삼성자산운용,10.41,MSCI Korea ESG Universal Capped Index,0.97,14833492220,-1.01,보통,실물(패시브),0.26,비과세
156080,KODEX MSCI Korea,2012.4.30,주식-시장대표,삼성자산운용,10.11,MSCI Korea Index,0.67,14732306222,-0.98,보통,실물(패시브),0.09,비과세
278540,KODEX MSCI Korea TR,2017.11.9,주식-시장대표,삼성자산운용,12.99,MSCI Korea TR Index,0.25,4.92475E+11,-0.34,보통,실물(패시브),0.09,배당소득세(보유기간과세)
275280,KODEX MSCI모멘텀,2017.7.11,주식-전략-성장,삼성자산운용,11.28,MSCI Korea IMI Momentum Capped,0.74,8329071732,-0.48,매우높음,실물(패시브),0.26,비과세
275290,KODEX MSCI밸류,2017.7.11,주식-전략-가치,삼성자산운용,10.02,MSCI Korea IMI Enhanced Value Capped,1.69,7228376007,-0.64,낮음,실물(패시브),0.26,비과세
275300,KODEX MSCI퀄리티,2017.7.11,주식-전략-혼합/퀀트,삼성자산운용,15.34,MSCI Korea IMI Quality Capped,1.24,6825394059,-0.93,보통,실물(패시브),0.26,비과세
315930,KODEX Top5PlusTR,2019.1.22,주식-전략-전략테마,삼성자산운용,38.63,FnGuide TOP 5 Plus Total Return 지수,0.64,1.26035E+12,-0.11,높음,실물(패시브),0.145,배당소득세(보유기간과세)
117700,KODEX 건설,2009.10.30,주식-업종섹터-건설,삼성자산운용,-9.33,KRX 건설,0.76,26139148708,0.16,높음,실물(패시브),0.45,비과세
300950,KODEX 게임산업,2018.7.24,주식-업종섹터-업종테마,삼성자산운용,-3.17,FnGuide 게임 산업 지수,0.38,23320953322,-0.45,매우높음,실물(패시브),0.45,비과세
266390,KODEX 경기소비재,2017.3.28,주식-업종섹터-경기소비재,삼성자산운용,-3.89,KRX 경기소비재,0.53,4320489994,0.05,보통,실물(패시브),0.45,비과세
279530,KODEX 고배당,2017.10.17,주식-전략-배당,삼성자산운용,19.7,FnGuide 고배당 Plus 지수,1.35,26922030588,-0.24,낮음,실물(패시브),0.26,비과세
471230,KODEX 국고채10년액티브,2023.11.14,채권-국공채-장기,삼성자산운용,0,KAP 국고채 10년 지수(TR),0.79,2.29157E+11,-0.04,매우낮음,실물(액티브),0.015,배당소득세(보유기간과세)
439870,KODEX 국고채30년액티브,2022.8.23,채권-국공채-장기,삼성자산운용,15.32,KAP 국고채 30년 총수익 지수,0.42,3.05318E+11,0.03,낮음,실물(액티브),0.05,배당소득세(보유기간과세)
114260,KODEX 국고채3년,2009.7.29,채권-국공채-중기,삼성자산운용,4.75,MKF 국고채지수(총수익),0.1,3.7439E+11,0.03,매우낮음,실물(패시브),0.15,배당소득세(보유기간과세)
152380,KODEX 국채선물10년,2012.1.20,채권-국공채-장기,삼성자산운용,6.85,10년국채선물지수,0.13,57497311217,-0.09,매우낮음,실물(패시브),0.07,배당소득세(보유기간과세)
176950,KODEX 국채선물10년인버스,2013.5.31,채권-국공채-장기,삼성자산운용,-0.84,10년국채선물지수,0.11,6443680905,0.04,매우낮음,실물(패시브),0.07,배당소득세(보유기간과세)
292770,KODEX 국채선물3년인버스,2018.4.13,채권-국공채-중기,삼성자산운용,1.89,국채선물지수,0.11,6852233100,-0.04,매우낮음,실물(패시브),0.05,배당소득세(보유기간과세)
102960,KODEX 기계장비,2008.5.29,주식-업종섹터-산업재,삼성자산운용,-8.98,KRX 기계장비,0.36,9607576930,-0.27,매우높음,실물(패시브),0.45,비과세
273140,KODEX 단기변동금리부채권액티브,2017.6.29,채권-혼합-단기,삼성자산운용,3.71,KAP 단기변동금리부은행채권지수,0.05,2.92512E+11,0.02,매우낮음,실물(액티브),0.15,배당소득세(보유기간과세)
153130,KODEX 단기채권,2012.2.22,채권-국공채-단기,삼성자산운용,3.64,KRW Cash 지수(총수익),0.07,7.65558E+11,0.02,매우낮음,실물(패시브),0.15,배당소득세(보유기간과세)
214980,KODEX 단기채권PLUS,2015.3.3,채권-혼합-단기,삼성자산운용,3.9,KRW Cash PLUS 지수(총수익),0.07,1.45227E+12,0.02,매우낮음,실물(패시브),0.15,배당소득세(보유기간과세)
122630,KODEX 레버리지,2010.2.22,주식-시장대표,삼성자산운용,23.21,코스피 200,3.37,1.94717E+12,-1.08,매우높음,실물(패시브),0.6,배당소득세(보유기간과세)
244620,KODEX 모멘텀Plus,2016.5.13,주식-전략-성장,삼성자산운용,12.66,FnGuide 모멘텀 Plus 지수,0.41,7118643436,-0.3,높음,실물(패시브),0.3,비과세
261240,KODEX 미국달러선물,2016.12.27,통화-미국달러,삼성자산운용,15.1,미국달러선물지수,0.59,56631379398,0.05,매우낮음,실물(패시브),0.21,배당소득세(보유기간과세)
261250,KODEX 미국달러선물레버리지,2016.12.27,통화-미국달러,삼성자산운용,26.91,미국달러선물지수,1.22,35841661067,0.07,보통,실물(패시브),0.45,배당소득세(보유기간과세)
261270,KODEX 미국달러선물인버스,2016.12.27,통화-미국달러,삼성자산운용,-8.99,미국달러선물지수,0.56,44444684334,-0.13,매우낮음,실물(패시브),0.41,배당소득세(보유기간과세)
261260,KODEX 미국달러선물인버스2X,2016.12.27,통화-미국달러,삼성자산운용,-19.79,미국달러선물지수,1.11,1.51191E+11,-0.09,보통,실물(패시브),0.41,배당소득세(보유기간과세)
266360,KODEX 미디어&엔터테인먼트,2017.3.28,주식-업종섹터-정보기술,삼성자산운용,-15.64,KRX 미디어&엔터테인먼트,0.57,40633753784,-0.29,높음,실물(패시브),0.45,비과세
244580,KODEX 바이오,2016.5.13,주식-업종섹터-업종테마,삼성자산운용,13.56,FnGuide 바이오 지수,0.64,1.3137E+11,-0.67,매우높음,실물(패시브),0.419,비과세
091160,KODEX 반도체,2006.6.27,주식-업종섹터-정보기술,삼성자산운용,22.79,KRX 반도체,0.38,5.43325E+11,-0.15,매우높음,실물(패시브),0.45,비과세
325020,KODEX 배당가치,2019.5.31,주식-전략-배당,삼성자산운용,19.53,FnGuide SLV 배당가치 지수,1.22,1.23944E+11,0.01,보통,실물(패시브),0.3,비과세
211900,KODEX 배당성장,2014.12.17,주식-전략-배당,삼성자산운용,25.76,코스피 배당성장 50,0.93,21007104204,-0.61,낮음,실물(패시브),0.15,비과세
237370,KODEX 배당성장채권혼합,2016.1.27,혼합자산-주식+채권,삼성자산운용,11.5,배당성장채권혼합지수,0.87,23599869485,-0.2,매우낮음,실물(패시브),0.16,배당소득세(보유기간과세)
244670,KODEX 밸류Plus,2016.5.13,주식-전략-가치,삼성자산운용,6.77,FnGuide 벨류 Plus 지수,0.46,4284447313,-0.63,보통,실물(패시브),0.3,비과세
140700,KODEX 보험,2011.4.26,주식-업종섹터-금융,삼성자산운용,38.64,KRX 보험,2.88,26330416340,-0.27,매우높음,실물(패시브),0.45,비과세
102780,KODEX 삼성그룹,2008.5.21,주식-전략-기업그룹,삼성자산운용,4.12,삼성그룹,0.49,1.40699E+12,-0.28,보통,실물(패시브),0.22,비과세
213610,KODEX 삼성그룹밸류,2015.1.8,주식-전략-기업그룹,삼성자산운용,0.96,WISE 삼성그룹 밸류 인덱스,0.33,94578257606,-0.29,보통,실물(패시브),0.09,비과세
448330,KODEX 삼성전자채권혼합Wise,2022.11.29,혼합자산-주식+채권,삼성자산운용,9.67,Wise 삼성전자채권혼합 지수,0.42,47317708953,-0.25,매우낮음,실물(패시브),0.07,배당소득세(보유기간과세)
117460,KODEX 에너지화학,2009.10.12,주식-업종섹터-에너지화학,삼성자산운용,-32.16,KRX 에너지화학,0.53,19637948280,-0.37,매우높음,실물(패시브),0.45,비과세
140710,KODEX 운송,2011.4.26,주식-업종섹터-산업재,삼성자산운용,6.02,KRX 운송,0.8,12093656860,-0.38,높음,실물(패시브),0.45,비과세
091170,KODEX 은행,2006.6.27,주식-업종섹터-금융,삼성자산운용,43.3,KRX 은행,2.53,3.02299E+11,-0.26,매우높음,실물(패시브),0.3,비과세
114800,KODEX 인버스,2009.9.16,주식-시장대표,삼성자산운용,-10.89,코스피 200 선물지수,0.14,7.59699E+11,-0.19,보통,실물(패시브),0.6,배당소득세(보유기간과세)
091180,KODEX 자동차,2006.6.27,주식-업종섹터-경기소비재,삼성자산운용,6.18,KRX 자동차,1.59,5.62074E+11,-0.01,높음,실물(패시브),0.45,비과세
363570,KODEX 장기종합채권(AA-이상)액티브KAP,2020.9.25,채권-혼합-장기,삼성자산운용,9.89,"KAP 한국장기종합채권지수(AA-이상, 총수익)",0.17,1.71387E+11,-0.02,매우낮음,실물(액티브),0.045,배당소득세(보유기간과세)
273130,KODEX 종합채권(AA-이상)액티브,2017.6.29,채권-혼합-중기,삼성자산운용,7.43,KAP 한국종합채권지수,0.1,2.90431E+12,-0.03,매우낮음,실물(액티브),0.045,배당소득세(보유기간과세)
102970,KODEX 증권,2008.5.29,주식-업종섹터-금융,삼성자산운용,29.85,KRX 증권,1.46,42445452552,-0.3,높음,실물(패시브),0.45,비과세
117680,KODEX 철강,2009.10.30,주식-업종섹터-철강소재,삼성자산운용,-9.15,KRX 철강,1.06,22178776995,0.03,매우높음,실물(패시브),0.45,비과세
279540,KODEX 최소변동성,2017.10.17,주식-전략-변동성,삼성자산운용,8.49,KRX 최소변동성지수,0.67,3385569448,-0.89,낮음,실물(패시브),0.26,비과세
229200,KODEX 코스닥150,2015.10.1,주식-시장대표,삼성자산운용,-5.12,코스닥 150,0.17,8.15425E+11,-0.16,매우높음,실물(패시브),0.21,비과세
233740,KODEX 코스닥150레버리지,2015.12.17,주식-시장대표,삼성자산운용,-17.65,코스닥 150,8.46,1.05726E+12,-0.32,매우높음,실물(패시브),0.6,배당소득세(보유기간과세)
360150,KODEX 코스닥150롱코스피200숏선물,2020.8.21,주식-전략-전략테마,삼성자산운용,-12.43,코스닥150 롱 100% 코스피200 숏 100% 선물지수,1.06,7417632906,-0.13,높음,실물(패시브),0.64,배당소득세(보유기간과세)
251340,KODEX 코스닥150선물인버스,2016.8.10,주식-시장대표,삼성자산운용,-2.85,F-코스닥150 지수,0.7,3.54886E+11,-0.37,매우높음,실물(패시브),0.6,배당소득세(보유기간과세)
461450,KODEX 코스닥글로벌,2023.6.29,주식-시장대표,삼성자산운용,9.31,코스닥 글로벌 지수,0.21,11544761201,-0.86,매우높음,실물(패시브),0.09,비과세
226490,KODEX 코스피,2015.8.24,주식-시장대표,삼성자산운용,8.39,코스피,0.56,3.15264E+11,-0.13,보통,실물(패시브),0.15,비과세
237350,KODEX 코스피100,2016.1.27,주식-시장대표,삼성자산운용,12.84,코스피 100,0.66,24129851751,-0.22,보통,실물(패시브),0.15,비과세
359210,KODEX 코스피TR,2020.7.21,주식-시장대표,삼성자산운용,10.99,코스피 TR,0.16,28076067169,-0.02,보통,실물(패시브),0.07,배당소득세(보유기간과세)
337140,KODEX 코스피대형주,2019.11.14,주식-규모-대형주,삼성자산운용,8.29,코스피 대형주,0.61,15018515509,-0.54,보통,실물(패시브),0.15,비과세
244660,KODEX 퀄리티Plus,2016.5.13,주식-전략-혼합/퀀트,삼성자산운용,13.9,FnGuide 퀄리티 Plus 지수,0.52,4612815077,-0.49,낮음,실물(패시브),0.3,비과세
375770,KODEX 탄소효율그린뉴딜,2021.2.5,주식-전략-전략테마,삼성자산운용,10.94,KRX/S&P 탄소효율 그린뉴딜지수,0.61,26408068151,-0.98,보통,실물(패시브),0.09,비과세
266410,KODEX 필수소비재,2017.3.28,주식-업종섹터-생활소비재,삼성자산운용,10.79,KRX 필수소비재,0.44,12510018602,-0.29,보통,실물(패시브),0.45,비과세
476800,KODEX 한국부동산리츠인프라,2024.3.5,부동산-리츠,삼성자산운용,0,KRX 부동산리츠인프라 지수,3.3,77370255183,-0.27,매우낮음,실물(패시브),0.09,비과세(분리과세부동산ETF)
266420,KODEX 헬스케어,2017.3.28,주식-업종섹터-헬스케어,삼성자산운용,41.09,KRX 헬스케어,1.65,70645352216,-0.44,매우높음,실물(패시브),0.09,비과세
364690,KODEX 혁신기술테마액티브,2020.9.29,주식-시장대표,삼성자산운용,18.46,코스피,4.52,8873147913,-0.87,높음,실물(액티브),0.3,배당소득세(보유기간과세)
069660,KOSEF 200,2002.10.14,주식-시장대표,키움투자자산운용,13.02,코스피 200,0.62,3.87271E+11,-0.26,보통,실물(패시브),0.13,비과세
294400,KOSEF 200TR,2018.4.23,주식-시장대표,키움투자자산운용,15.47,코스피 200 TR,0.19,7.20595E+11,-0.21,보통,실물(패시브),0.012,배당소득세(보유기간과세)
253250,KOSEF 200선물레버리지,2016.9.12,주식-시장대표,키움투자자산운용,23.84,코스피 200 선물지수,0.43,9725234660,0.28,매우높음,실물(패시브),0.46,배당소득세(보유기간과세)
253240,KOSEF 200선물인버스,2016.9.12,주식-시장대표,키움투자자산운용,-10.77,코스피 200 선물지수,0.3,2571579954,-0.16,보통,실물(패시브),0.46,배당소득세(보유기간과세)
253230,KOSEF 200선물인버스2X,2016.9.22,주식-시장대표,키움투자자산운용,-25.02,코스피 200 선물지수,0.51,5431166241,-0.09,매우높음,실물(패시브),0.46,배당소득세(보유기간과세)
460280,KOSEF Fn유전자혁신기술,2023.6.27,주식-업종섹터-헬스케어,키움투자자산운용,-3.74,FnGuide 유전자혁신기술 지수(시장가격),0.65,7047327182,-0.02,매우높음,실물(패시브),0.4,비과세
331910,KOSEF Fn중소형,2019.8.13,주식-규모-중형주,키움투자자산운용,5.47,FnGuide-키움 스마트 중소형주 지수,0.56,7628609253,-0.28,보통,실물(패시브),0.3,비과세
469790,KOSEF K-테크TOP10,2023.10.31,주식-업종섹터-업종테마,키움투자자산운용,0,Solactive K-TechTOP10 Index(PR),0.82,3733661986,-0.45,보통,실물(패시브),0.39,비과세
100910,KOSEF KRX100,2008.1.23,주식-시장대표,키움투자자산운용,11.99,KRX 100,0.6,14623712185,-0.38,보통,실물(패시브),0.23,비과세
450120,KOSEF SK그룹대표주,2022.12.23,주식-전략-기업그룹,키움투자자산운용,19.57,FnGuide SK그룹대표주 지수,0.74,7273013707,-0.44,높음,실물(패시브),0.14,비과세
104530,KOSEF 고배당,2008.7.29,주식-전략-배당,키움투자자산운용,28.81,MKF 웰스 고배당20,2.54,12793306662,-0.2,보통,실물(패시브),0.4,비과세
148070,KOSEF 국고채10년,2011.10.20,채권-국공채-장기,키움투자자산운용,4.19,KIS 10년 국고채 지수 (총수익),0.21,4.05868E+11,-0.06,매우낮음,실물(패시브),0.05,배당소득세(보유기간과세)
167860,KOSEF 국고채10년레버리지,2012.10.30,채권-국공채-장기,키움투자자산운용,7.05,KIS 10년 국고채 지수 (총수익),1.12,14546329868,-0.07,낮음,실물(패시브),0.3,배당소득세(보유기간과세)
114470,KOSEF 국고채3년,2009.7.31,채권-국공채-중기,키움투자자산운용,1.53,KTB INDEX(시장가격),0.15,16477875844,0.03,매우낮음,실물(패시브),0.05,배당소득세(보유기간과세)
130730,KOSEF 단기자금,2010.7.29,채권-혼합-단기,키움투자자산운용,0.2,MK 머니마켓 지수(총수익),0.06,1.00765E+11,0.02,매우낮음,실물(패시브),0.05,배당소득세(보유기간과세)
430500,KOSEF 물가채KIS,2022.5.31,채권-국공채-장기,키움투자자산운용,6.77,KIS TIPS 지수(총수익),0.4,11306019308,0,매우낮음,실물(패시브),0.15,배당소득세(보유기간과세)
138230,KOSEF 미국달러선물,2011.2.24,통화-미국달러,키움투자자산운용,9.97,미국달러선물지수,0.66,34646329252,-0.1,매우낮음,실물(패시브),0.37,배당소득세(보유기간과세)
225800,KOSEF 미국달러선물레버리지,2015.8.10,통화-미국달러,키움투자자산운용,26.37,미국달러선물지수,1.16,16847143638,0.01,보통,실물(패시브),0.64,배당소득세(보유기간과세)
139660,KOSEF 미국달러선물인버스,2011.4.1,통화-미국달러,키움투자자산운용,-8.79,미국달러선물지수,0.62,8732146855,-0.01,매우낮음,실물(패시브),0.49,배당소득세(보유기간과세)
230480,KOSEF 미국달러선물인버스2X,2015.11.16,통화-미국달러,키움투자자산운용,-19.97,미국달러선물지수,1.07,13266266149,0.16,보통,실물(패시브),0.64,배당소득세(보유기간과세)
104520,KOSEF 블루칩,2008.7.29,주식-규모-대형주,키움투자자산운용,9.7,MKF 블루칩,0.54,10267121690,-0.24,보통,실물(패시브),0.4,비과세
483020,KOSEF 의료AI,2024.5.28,주식-업종섹터-업종테마,키움투자자산운용,0,FnGuide 의료AI 지수,1.62,11335557963,-0.32,매우높음,실물(패시브),0.49,비과세
316670,KOSEF 코스닥150,2019.1.22,주식-시장대표,키움투자자산운용,-6.12,코스닥 150,0.18,14993094494,-0.95,매우높음,실물(패시브),0.15,비과세
291630,KOSEF 코스닥150선물레버리지,2018.3.16,주식-시장대표,키움투자자산운용,-14.37,F-코스닥150 지수,1.86,2664663624,-0.19,매우높음,실물(패시브),0.09,배당소득세(보유기간과세)
291620,KOSEF 코스닥150선물인버스,2018.3.16,주식-시장대표,키움투자자산운용,-3.68,F-코스닥150 지수,0.22,3411498456,-0.26,매우높음,실물(패시브),0.09,배당소득세(보유기간과세)
467540,KOSEF 코스닥글로벌,2023.10.24,주식-시장대표,키움투자자산운용,0,코스닥 글로벌 지수,4.07,8544915440,-0.34,매우높음,실물(패시브),0.07,비과세
153270,KOSEF 코스피100,2012.2.28,주식-시장대표,키움투자자산운용,13.07,코스피 100,0.69,7670505931,-0.45,보통,실물(패시브),0.195,비과세
122260,KOSEF 통안채1년,2010.1.14,채권-국공채-단기,키움투자자산운용,1.17,MK 통안채지수(총수익),0.06,40766618533,0.02,매우낮음,실물(패시브),0.05,배당소득세(보유기간과세)
487130,KoAct AI인프라액티브,2024.7.9,주식-업종섹터-업종테마,삼성액티브자산운용,0,Solactive AI인프라 지수,37.6,11538101177,-0.36,매우높음,실물(액티브),0.5,배당소득세(보유기간과세)
462900,KoAct 바이오헬스케어액티브,2023.8.3,주식-업종섹터-업종테마,삼성액티브자산운용,0,iSelect 바이오헬스케어 PR 지수,10.92,99026432068,0.07,매우높음,실물(액티브),0.5,배당소득세(보유기간과세)
476850,KoAct 배당성장액티브,2024.2.27,주식-시장대표,삼성액티브자산운용,0,코스피,9.43,1.75397E+11,-0.09,보통,실물(액티브),0.5,배당소득세(보유기간과세)
482030,KoAct 테크핵심소재공급망액티브,2024.5.14,주식-업종섹터-업종테마,삼성액티브자산운용,0,iSelect 테크핵심소재공급망,9.92,6668099186,-0.68,매우높음,실물(액티브),0.5,배당소득세(보유기간과세)
148020,RISE 200,2011.10.20,주식-시장대표,케이비자산운용,13.26,코스피 200,0.64,1.21499E+12,-0.29,보통,실물(패시브),0.017,비과세
361580,RISE 200TR,2020.8.21,주식-시장대표,케이비자산운용,15.53,코스피 200 TR,0.24,2.90586E+11,-0.28,보통,실물(패시브),0.012,배당소득세(보유기간과세)
290080,RISE 200고배당커버드콜ATM,2018.2.27,주식-전략-구조화,케이비자산운용,11.89,코스피 200 고배당커버드콜 ATM 지수(시장가격지수),4.93,10528263887,-0.43,낮음,실물(패시브),0.4,배당소득세(보유기간과세)
284980,RISE 200금융,2017.12.8,주식-업종섹터-금융,케이비자산운용,44.93,코스피 200 금융,1.9,8753015209,-0.11,높음,실물(패시브),0.19,비과세
252400,RISE 200선물레버리지,2016.9.12,주식-시장대표,케이비자산운용,23.86,코스피 200 선물지수,0.77,19684409199,0.21,매우높음,실물(패시브),0.6,배당소득세(보유기간과세)
252410,RISE 200선물인버스,2016.9.12,주식-시장대표,케이비자산운용,-10.87,코스피 200 선물지수,0.35,3562751973,-0.09,보통,실물(패시브),0.6,배당소득세(보유기간과세)
252420,RISE 200선물인버스2X,2016.9.22,주식-시장대표,케이비자산운용,-25.12,코스피 200 선물지수,0.76,20127624923,-0.25,매우높음,실물(패시브),0.6,배당소득세(보유기간과세)
475720,RISE 200위클리커버드콜,2024.3.5,주식-전략-구조화,케이비자산운용,0,코스피 200 위클리 커버드콜 ATM 지수,1.42,97830390587,-0.25,낮음,실물(패시브),0.3,배당소득세(보유기간과세)
464540,RISE 25-03 회사채(AA-이상)액티브,2023.8.17,채권-회사채-단기,케이비자산운용,0,KIS 2025년 3월 만기도래 크레딧 종합채권지수(AA-이상)(시장가격),0.11,2.19297E+11,0.02,매우낮음,실물(액티브),0.05,배당소득세(보유기간과세)
483230,RISE 25-06 은행채(AA+이상)액티브,2024.6.18,채권-회사채-단기,케이비자산운용,0,KIS 2025년 6월 만기도래 은행채 지수(AA+이상)(총수익),0.09,1.32386E+11,0.04,매우낮음,실물(액티브),0.05,배당소득세(보유기간과세)
448600,RISE 25-11 회사채(AA-이상)액티브,2022.11.22,채권-혼합-단기,케이비자산운용,0.41,KIS 2025년 만기도래 크레딧 종합채권 지수(AA-이상)(시장가격),0.26,82548938202,0.05,매우낮음,실물(액티브),0.07,배당소득세(보유기간과세)
465330,RISE 2차전지TOP10,2023.9.12,주식-업종섹터-업종테마,케이비자산운용,0,iSelect 2차전지 TOP10 지수(PR),0.48,45001516940,-0.07,매우높음,실물(패시브),0.07,비과세
465350,RISE 2차전지TOP10인버스(합성),2023.9.12,주식-업종섹터-업종테마,케이비자산운용,0,iSelect 2차전지 TOP10 지수(PR),0.55,87706221436,-0.77,매우높음,합성(패시브),0.49,배당소득세(보유기간과세)
422420,RISE 2차전지액티브,2022.4.8,주식-업종섹터-업종테마,케이비자산운용,-36.84,iSelect 2차전지 지수 (시장가격지수),7.73,2.17279E+11,-0.23,매우높음,실물(액티브),0.35,배당소득세(보유기간과세)
367760,RISE 5G테크,2020.10.29,주식-업종섹터-업종테마,케이비자산운용,23.41,FnGuide 5G 테크 지수,1.25,41472216254,0.09,매우높음,실물(패시브),0.45,비과세
105780,RISE 5대그룹주,2008.10.22,주식-전략-기업그룹,케이비자산운용,2.04,MKF 5대그룹주,0.77,13575953953,-0.41,높음,실물(패시브),0.4,비과세
469070,RISE AI&로봇,2023.10.24,주식-업종섹터-업종테마,케이비자산운용,0,iSelect AI&로봇 지수(시장가격),0.93,42830350913,-0.2,매우높음,실물(패시브),0.4,비과세
477080,RISE CD금리액티브(합성),2024.3.26,기타,케이비자산운용,0,FnGuide CD금리투자 지수(총수익),0.02,5.31264E+11,0.02,매우낮음,합성(액티브),0.02,배당소득세(보유기간과세)
290130,RISE ESG사회책임투자,2018.2.27,주식-전략-전략테마,케이비자산운용,22.97,KRX ESG 사회책임경영지수(S),1.06,2.4052E+11,-0.28,보통,실물(패시브),0.3,비과세
326240,RISE IT플러스,2019.6.20,주식-전략-전략테마,케이비자산운용,-2.94,FnGuide IT플러스 지수,0.34,1.57893E+11,-0.22,높음,실물(패시브),0.4,비과세
385560,RISE KIS국고채30년Enhanced,2021.5.26,채권-국공채-장기,케이비자산운용,13.68,KIS 국고채30년Enhanced지수(시장가격),0.46,4.09208E+11,-0.02,보통,실물(패시브),0.05,배당소득세(보유기간과세)
479520,RISE KOFR금리액티브(합성),2024.4.30,기타,케이비자산운용,0,KOFR 지수,0.26,2.06134E+11,0,매우낮음,합성(액티브),0.02,배당소득세(보유기간과세)
270800,RISE KQ고배당,2017.7.7,주식-전략-배당,케이비자산운용,-7.7,FnGuide KQ고배당포커스 지수,0.63,7131264580,-0.21,보통,실물(패시브),0.3,비과세
292050,RISE KRX300,2018.3.26,주식-시장대표,케이비자산운용,12.71,KRX 300,0.65,8514088871,-0.66,보통,실물(패시브),0.05,비과세
234310,RISE V&S셀렉트밸류,2016.2.2,주식-전략-가치,케이비자산운용,10.82,FnGuide 셀렉트 밸류 지수,0.87,7775671561,-0.59,보통,실물(패시브),0.3,비과세
241390,RISE V&S셀렉트밸류채권혼합,2016.4.12,혼합자산-주식+채권,케이비자산운용,5.15,FnGuide 셀렉트벨류 채권혼합지수,0.68,14739117787,-0.31,매우낮음,실물(패시브),0.23,배당소득세(보유기간과세)
300640,RISE 게임테마,2018.7.24,주식-업종섹터-업종테마,케이비자산운용,-6.16,WISE 게임 테마 지수 (시장가격지수),0.53,61786100687,-0.39,매우높음,실물(패시브),0.3,비과세
266160,RISE 고배당,2017.4.14,주식-전략-배당,케이비자산운용,25.17,FnGuide 고배당포커스 지수,1.35,45038853933,0.02,보통,실물(패시브),0.2,비과세
481430,RISE 국고채10년액티브,2024.5.21,채권-국공채-장기,케이비자산운용,0,KAP 국고채 10년 지수(총수익),0.11,65321170280,-0.04,매우낮음,실물(액티브),0.012,배당소득세(보유기간과세)
114100,RISE 국고채3년,2009.7.29,채권-국공채-중기,케이비자산운용,1.39,KTB INDEX(시장가격),0.16,33743349930,0.03,매우낮음,실물(패시브),0.115,배당소득세(보유기간과세)
282000,RISE 국고채3년선물인버스,2017.11.9,채권-국공채-중기,케이비자산운용,1.61,국채선물지수,0.12,1.00867E+11,-0.02,매우낮음,실물(패시브),0.07,배당소득세(보유기간과세)
451670,RISE 국채30년레버리지(합성),2023.2.14,채권-국공채-장기,케이비자산운용,24.49,KAP 국채30년 TR 지수(총수익),0.3,11255241227,-0.18,매우높음,합성(패시브),0.1,배당소득세(보유기간과세)
295000,RISE 국채선물10년,2018.5.11,채권-국공채-장기,케이비자산운용,6.14,10년국채선물지수,0.36,3980279475,-0.07,매우낮음,실물(패시브),0.07,배당소득세(보유기간과세)
295020,RISE 국채선물10년인버스,2018.5.11,채권-국공채-장기,케이비자산운용,-1.31,10년국채선물지수,0.2,51759111966,-0.02,매우낮음,실물(패시브),0.05,배당소득세(보유기간과세)
432600,RISE 국채선물3년,2022.6.14,채권-국공채-중기,케이비자산운용,4.18,국채선물지수,0.12,7210770973,-0.1,매우낮음,실물(패시브),0.07,배당소득세(보유기간과세)
397420,RISE 국채선물5년추종,2021.8.31,채권-국공채-중기,케이비자산운용,4.86,5년 국채선물 추종 지수,0.14,5146667313,-0.09,매우낮음,실물(패시브),0.07,배당소득세(보유기간과세)
397410,RISE 국채선물5년추종인버스,2021.8.31,채권-국공채-중기,케이비자산운용,1.02,5년 국채선물 추종 지수,0.23,50415822209,-0.05,매우낮음,실물(패시브),0.07,배당소득세(보유기간과세)
336160,RISE 금융채액티브,2019.10.29,채권-회사채-중기,케이비자산운용,1.36,KIS 종합채권금융채 2.5Y-3Y 지수 (총수익),0.24,35773117269,0.03,매우낮음,실물(액티브),0.07,배당소득세(보유기간과세)
326230,RISE 내수주플러스,2019.6.20,주식-전략-전략테마,케이비자산운용,11.18,FnGuide 내수주플러스 지수,0.52,26991193696,-0.45,보통,실물(패시브),0.4,비과세
272560,RISE 단기국공채액티브,2017.6.29,채권-국공채-단기,케이비자산운용,3.99,KIS 종합채권국공채3M~1.5Y지수,0.09,2.24076E+11,0.05,매우낮음,실물(액티브),0.07,배당소득세(보유기간과세)
385550,RISE 단기종합채권(AA-이상)액티브,2021.5.26,채권-혼합-단기,케이비자산운용,4.28,KIS 단기종합채권지수(AA-이상)(총수익지수),0.06,1.19251E+11,0.02,매우낮음,실물(액티브),0.05,배당소득세(보유기간과세)
196230,RISE 단기통안채,2014.5.19,채권-국공채-단기,케이비자산운용,3.56,KIS 통안채 5개월 지수(총수익),0.07,6.30269E+11,-0.01,매우낮음,실물(패시브),0.13,배당소득세(보유기간과세)
315960,RISE 대형고배당10TR,2019.1.22,주식-전략-전략테마,케이비자산운용,31.51,WISE 대형고배당10 TR 지수,0.73,58604923210,-0.27,높음,실물(패시브),0.07,배당소득세(보유기간과세)
455890,RISE 머니마켓액티브,2023.5.9,채권-혼합-단기,케이비자산운용,4.39,KIS 시가평가 MMF 지수 (총수익지수),0.04,1.68472E+12,0.03,매우낮음,실물(액티브),0.05,배당소득세(보유기간과세)
401170,RISE 메타버스,2021.10.13,주식-업종섹터-업종테마,케이비자산운용,-15.03,iSelect 메타버스 지수(시장가격지수),0.4,1.17464E+11,-0.06,높음,실물(패시브),0.45,비과세
469530,RISE 미국달러선물인버스,2023.11.9,통화-미국달러,케이비자산운용,0,미국달러선물지수,0.57,6171179305,-0.25,매우낮음,실물(패시브),0.05,배당소득세(보유기간과세)
446700,RISE 배터리 리사이클링,2022.11.1,주식-업종섹터-업종테마,케이비자산운용,-32.72,iSelect 배터리 리사이클링 지수,4.39,18686033727,-0.13,매우높음,실물(패시브),0.4,비과세
388420,RISE 비메모리반도체액티브,2021.6.10,주식-업종섹터-업종테마,케이비자산운용,20.48,iSelect 비메모리반도체 지수(시장가격지수),5.11,2.98183E+11,-0.21,매우높음,실물(액티브),0.5,배당소득세(보유기간과세)
448630,RISE 삼성그룹Top3채권혼합,2022.11.29,혼합자산-주식+채권,케이비자산운용,2.85,Bloomberg Blended Samsung Group Fixed Top 3 Equity and Korean Bond Index,0.75,16823698551,-0.33,매우낮음,실물(패시브),0.2,배당소득세(보유기간과세)
367770,RISE 수소경제테마,2020.10.29,주식-업종섹터-업종테마,케이비자산운용,-4.37,FnGuide 수소 경제 테마 지수,0.92,2.51982E+11,-0.36,높음,실물(패시브),0.45,비과세
140570,RISE 수출주,2011.4.15,주식-업종섹터-업종테마,케이비자산운용,3.8,MKF 수출주 지수,0.53,4925512841,-0.27,높음,실물(패시브),0.4,비과세
140580,RISE 우량업종대표주,2011.4.15,주식-업종섹터-업종테마,케이비자산운용,20.78,MKF 우량업종대표주 지수,0.63,6257777768,-0.6,보통,실물(패시브),0.4,비과세
385540,RISE 종합채권(A-이상)액티브,2021.5.26,채권-혼합-중기,케이비자산운용,7.58,KIS 종합채권 지수(A-이상)(총수익지수),0.1,1.26616E+12,0.02,매우낮음,실물(액티브),0.012,배당소득세(보유기간과세)
183710,RISE 주식혼합,2013.10.17,혼합자산-주식+채권,케이비자산운용,9.92,주식국채혼합(주식형)지수,0.57,8577211177,-0.56,낮음,실물(패시브),0.25,배당소득세(보유기간과세)
136340,RISE 중기우량회사채,2011.4.15,채권-회사채-중기,케이비자산운용,1.87,KOBI 크레딧 지수(총수익),0.13,62348279051,0.01,매우낮음,실물(패시브),0.07,배당소득세(보유기간과세)
281990,RISE 중소형고배당,2017.11.2,주식-전략-배당,케이비자산운용,0.59,FnGuide 중소형고배당포커스 지수,0.78,5573185716,-0.51,보통,실물(패시브),0.3,비과세
272570,RISE 중장기국공채액티브,2017.6.29,채권-국공채-중기,케이비자산운용,5.55,KIS 종합채권국공채4~5Y지수,0.18,22930250846,0.02,매우낮음,실물(액티브),0.07,배당소득세(보유기간과세)
427110,RISE 창업투자회사,2022.5.17,주식-업종섹터-업종테마,케이비자산운용,22.24,FnGuide 창업투자회사 지수(시장가격지수),2,4963353423,0.13,매우높음,실물(패시브),0.45,비과세
183700,RISE 채권혼합,2013.10.17,혼합자산-주식+채권,케이비자산운용,5.91,주식국채혼합(채권형)지수,0.33,15159120339,-0.19,매우낮음,실물(패시브),0.2,배당소득세(보유기간과세)
388280,RISE 컨택트대표,2021.6.10,주식-업종섹터-업종테마,케이비자산운용,-25.8,FnGuide 컨택트대표 지수(시장가격지수),0.61,34866747010,-0.62,보통,실물(패시브),0.45,비과세
270810,RISE 코스닥150,2017.6.16,주식-시장대표,케이비자산운용,-4.71,코스닥 150,0.37,1.02702E+11,0.04,매우높음,실물(패시브),0.18,비과세
278240,RISE 코스닥150선물레버리지,2017.8.31,주식-시장대표,케이비자산운용,-12.46,F-코스닥150 지수,2.68,98924861484,0.17,매우높음,실물(패시브),0.6,배당소득세(보유기간과세)
275750,RISE 코스닥150선물인버스,2017.8.1,주식-시장대표,케이비자산운용,-4.8,F-코스닥150 지수,0.27,2202434713,-0.02,매우높음,실물(패시브),0.6,배당소득세(보유기간과세)
302450,RISE 코스피,2018.7.24,주식-시장대표,케이비자산운용,8.53,코스피,0.6,89369413082,-0.53,보통,실물(패시브),0.14,비과세
427120,RISE 플랫폼테마,2022.5.17,주식-전략-전략테마,케이비자산운용,-7.45,FnGuide 플랫폼테마 지수(시장가격지수),0.45,3377253063,-0.71,매우높음,실물(패시브),0.45,비과세
253280,RISE 헬스케어,2016.9.23,주식-업종섹터-헬스케어,케이비자산운용,30.69,FnGuide 헬스케어 지수,0.43,6905822906,-0.41,매우높음,실물(패시브),0.4,비과세
253290,RISE 헬스케어채권혼합,2016.9.23,혼합자산-주식+채권,케이비자산운용,10.2,FnGuide 헬스케어 채권혼합 지수,0.88,14300165810,-0.27,낮음,실물(패시브),0.35,배당소득세(보유기간과세)
411540,SOL 200 Top10,2021.12.9,주식-규모-대형주,신한자산운용,-0.56,코스피 200 Top 10 지수,0.88,12439905274,0.05,높음,실물(패시브),0.15,비과세
295040,SOL 200TR,2018.4.23,주식-시장대표,신한자산운용,15.32,코스피 200 TR,0.13,2.2736E+11,-0.39,보통,실물(패시브),0.05,배당소득세(보유기간과세)
469820,SOL 24-12 회사채(AA-이상)액티브,2023.11.7,채권-회사채-단기,신한자산운용,0,"KAP 24-12 크레딧 채권지수(AA-이상, 총수익)",0.05,1.55755E+11,0.03,매우낮음,실물(액티브),0.05,배당소득세(보유기간과세)
462540,SOL 25-09 회사채(AA-이상)액티브,2023.8.8,채권-회사채-단기,신한자산운용,0,"KAP 25-09 크레딧 채권지수(AA- 이상, 총수익)",0.11,1.21795E+11,0.07,매우낮음,실물(액티브),0.05,배당소득세(보유기간과세)
455860,SOL 2차전지소부장Fn,2023.4.25,주식-업종섹터-업종테마,신한자산운용,-43.57,FnGuide 2차전지 소부장 지수(PR),0.41,1.76883E+11,-0.37,매우높음,실물(패시브),0.45,비과세
455850,SOL AI반도체소부장,2023.4.25,주식-업종섹터-업종테마,신한자산운용,12.71,FnGuide AI 반도체 소부장 지수,0.36,3.4031E+11,-0.04,매우높음,실물(패시브),0.45,비과세
444200,SOL KEDI메가테크액티브,2022.10.18,주식-업종섹터-업종테마,신한자산운용,20.03,KEDI 메가테크지수(PR),7.94,12404460640,0.09,높음,실물(액티브),0.55,배당소득세(보유기간과세)
363510,SOL KIS단기통안채,2020.9.9,채권-국공채-단기,신한자산운용,3.48,KIS 단기통안채 Index(총수익),0.04,24961787052,0.01,매우낮음,실물(패시브),0.07,배당소득세(보유기간과세)
292500,SOL KRX300,2018.3.26,주식-시장대표,신한자산운용,12.71,KRX 300,0.57,13039714415,-0.96,보통,실물(패시브),0.05,비과세
404650,SOL KRX기후변화솔루션,2021.10.29,주식-전략-전략테마,신한자산운용,-14.01,KRX 기후변화 솔루션지수,0.53,7024530814,-0.41,매우높음,실물(패시브),0.15,비과세
438570,SOL 국고채10년,2022.9.6,채권-국공채-장기,신한자산운용,4.16,KAP 국고채10년지수(총수익지수),0.14,94067952025,-0.03,매우낮음,실물(패시브),0.05,배당소득세(보유기간과세)
474390,SOL 국고채30년액티브,2024.1.16,채권-국공채-장기,신한자산운용,0,KAP 국고채30년 지수(TR),0.65,10497649807,-0.04,매우낮음,실물(액티브),0.05,배당소득세(보유기간과세)
438560,SOL 국고채3년,2022.9.6,채권-국공채-중기,신한자산운용,1.64,KAP 국고채3년지수(총수익지수),0.05,26050146650,0.02,매우낮음,실물(패시브),0.05,배당소득세(보유기간과세)
484880,SOL 금융지주플러스고배당,2024.6.25,주식-전략-배당,신한자산운용,0,FnGuide 금융지주플러스고배당 지수(PR),3.28,25119336633,-0.1,높음,실물(패시브),0.3,비과세
484890,SOL 머니마켓액티브,2024.6.25,채권-혼합-단기,신한자산운용,0,KAP 시가 MMF 지수(TR),0.02,1.26169E+11,0.02,매우낮음,실물(액티브),0.05,배당소득세(보유기간과세)
475300,SOL 반도체전공정,2024.2.14,주식-업종섹터-업종테마,신한자산운용,0,FnGuide 반도체 전공정 지수(PR),0.28,14281811864,0,매우높음,실물(패시브),0.45,비과세
475310,SOL 반도체후공정,2024.2.14,주식-업종섹터-업종테마,신한자산운용,0,FnGuide 반도체 후공정 지수(PR),0.95,12308230047,0.07,매우높음,실물(패시브),0.45,비과세
464610,SOL 의료기기소부장Fn,2023.8.22,주식-업종섹터-업종테마,신한자산운용,0,FnGuide 의료기기소부장지수(PR),0.35,9069703317,-0.18,높음,실물(패시브),0.45,비과세
466930,SOL 자동차TOP3플러스,2023.10.5,주식-업종섹터-업종테마,신한자산운용,0,FnGuide 자동차TOP3플러스지수(PR),2.02,86947413279,-0.26,매우높음,실물(패시브),0.45,비과세
464600,SOL 자동차소부장Fn,2023.8.22,주식-업종섹터-업종테마,신한자산운용,0,FnGuide 자동차소부장지수(PR),0.33,16686011035,-0.33,높음,실물(패시브),0.45,비과세
466920,SOL 조선TOP3플러스,2023.10.5,주식-업종섹터-업종테마,신한자산운용,0,FnGuide 조선TOP3플러스지수(PR),0.19,2.50429E+11,-0.06,매우높음,실물(패시브),0.45,비과세
436140,SOL 종합채권(AA-이상)액티브,2022.8.9,채권-혼합-중기,신한자산운용,7.72,"KAP K-종합채권지수(AA-이상, 총수익)",0.23,8.53911E+11,0.02,매우낮음,실물(액티브),0.04,배당소득세(보유기간과세)
469830,SOL 초단기채권액티브,2023.11.7,채권-혼합-단기,신한자산운용,0,KAP 단기자금시장지수,0.05,4.73052E+11,0.03,매우낮음,실물(액티브),0.05,배당소득세(보유기간과세)
450910,SOL 코스닥150,2023.1.31,주식-시장대표,신한자산운용,-6.05,코스닥 150,0.33,25733029690,-0.91,매우높음,실물(패시브),0.15,비과세
102110,TIGER 200,2008.4.3,주식-시장대표,미래에셋자산운용,13.29,코스피 200,0.63,2.28174E+12,-0.28,보통,실물(패시브),0.05,비과세
139260,TIGER 200 IT,2011.4.6,주식-업종섹터-정보기술,미래에셋자산운용,8.59,코스피 200 정보기술,0.35,7.43564E+11,-0.3,높음,실물(패시브),0.4,비과세
139220,TIGER 200 건설,2011.4.6,주식-업종섹터-건설,미래에셋자산운용,0.45,코스피 200 건설,0.74,18973122036,0.04,높음,실물(패시브),0.4,비과세
139290,TIGER 200 경기소비재,2011.4.6,주식-업종섹터-경기소비재,미래에셋자산운용,9.69,코스피 200 경기소비재,1.54,5749992777,-0.25,높음,실물(패시브),0.4,비과세
139270,TIGER 200 금융,2011.4.6,주식-업종섹터-금융,미래에셋자산운용,42.98,코스피 200 금융,1.84,16226658550,-0.02,높음,실물(패시브),0.4,비과세
227550,TIGER 200 산업재,2015.9.23,주식-업종섹터-산업재,미래에셋자산운용,4.61,코스피 200 산업재,4.13,3284112319,-0.47,높음,실물(패시브),0.4,비과세
227560,TIGER 200 생활소비재,2015.9.23,주식-업종섹터-생활소비재,미래에셋자산운용,14.12,코스피 200 생활소비재,0.46,8116050223,-0.28,보통,실물(패시브),0.4,비과세
139250,TIGER 200 에너지화학,2011.4.6,주식-업종섹터-에너지화학,미래에셋자산운용,-22.64,코스피 200 에너지/화학,0.57,22255459460,-0.29,매우높음,실물(패시브),0.34,비과세
139230,TIGER 200 중공업,2011.4.6,주식-업종섹터-중공업,미래에셋자산운용,23.33,코스피 200 중공업,0.55,89603791545,-0.38,매우높음,실물(패시브),0.34,비과세
139240,TIGER 200 철강소재,2011.4.6,주식-업종섹터-철강소재,미래에셋자산운용,-12.77,코스피 200 철강/소재,1.05,9222964043,-0.32,높음,실물(패시브),0.34,비과세
227540,TIGER 200 헬스케어,2015.9.23,주식-업종섹터-헬스케어,미래에셋자산운용,18.49,코스피 200 헬스케어,2.93,40523705539,-0.3,매우높음,실물(패시브),0.4,비과세
243880,TIGER 200IT레버리지,2016.5.13,주식-업종섹터-정보기술,미래에셋자산운용,9.04,코스피 200 정보기술,8.85,32459887389,0.32,매우높음,실물(패시브),0.63,배당소득세(보유기간과세)
310960,TIGER 200TR,2018.11.20,주식-시장대표,미래에셋자산운용,15.4,코스피 200 TR,0.25,22137247822,-0.3,보통,실물(패시브),0.09,배당소득세(보유기간과세)
252000,TIGER 200동일가중,2016.9.20,주식-시장대표,미래에셋자산운용,10.81,코스피 200 동일가중지수,0.56,5382806644,-0.56,보통,실물(패시브),0.21,비과세
267770,TIGER 200선물레버리지,2017.4.25,주식-시장대표,미래에셋자산운용,23.84,코스피 200 선물지수,0.84,88720562068,0.21,매우높음,실물(패시브),0.022,배당소득세(보유기간과세)
252710,TIGER 200선물인버스2X,2016.9.22,주식-시장대표,미래에셋자산운용,-24.77,코스피 200 선물지수,0.5,85591449114,-0.13,매우높음,실물(패시브),0.022,배당소득세(보유기간과세)
243890,TIGER 200에너지화학레버리지,2016.5.13,주식-업종섹터-에너지화학,미래에셋자산운용,-44.96,코스피 200 에너지/화학,11.82,3294120479,0.35,매우높음,실물(패시브),0.69,배당소득세(보유기간과세)
315270,TIGER 200커뮤니케이션서비스,2019.1.15,주식-업종섹터-커뮤니케이션서비스,미래에셋자산운용,-3.87,코스피 200 커뮤니케이션서비스,0.77,4719190086,-1.12,보통,실물(패시브),0.4,비과세
166400,TIGER 200커버드콜5%OTM,2012.10.25,주식-전략-구조화,미래에셋자산운용,13.73,코스피 200 커버드콜 5% OTM,0.68,7078557457,-0.54,보통,실물(패시브),0.38,배당소득세(보유기간과세)
289480,TIGER 200커버드콜ATM,2018.2.9,주식-전략-구조화,미래에셋자산운용,5.25,코스피 200 커버드콜 ATM 지수,0.84,25990026181,-0.72,낮음,실물(패시브),0.38,배당소득세(보유기간과세)
447820,TIGER 24-10 회사채(A+이상)액티브,2022.11.22,채권-회사채-단기,미래에셋자산운용,4.5,KIS 회사채 2410만기형 지수(총수익지수),0.1,7.67461E+11,0.03,매우낮음,실물(액티브),0.1,배당소득세(보유기간과세)
470260,TIGER 24-12 금융채(AA-이상),2023.11.21,채권-회사채-단기,미래에셋자산운용,0,KIS 금융채2412만기형 지수(총수익지수),0.14,1.61894E+12,0.02,매우낮음,실물(패시브),0.1,배당소득세(보유기간과세)
453540,TIGER 25-10 회사채(A+이상)액티브,2023.3.23,채권-회사채-단기,미래에셋자산운용,5.27,KIS 회사채2510만기형 지수 (총수익지수),0.14,8.76823E+11,0.02,매우낮음,실물(액티브),0.1,배당소득세(보유기간과세)
480260,TIGER 27-04회사채(A+이상)액티브,2024.4.23,채권-회사채-단기,미래에셋자산운용,0,KIS 회사채2704만기형 지수 (총수익 지수),0.17,1.42781E+11,0.04,매우낮음,실물(액티브),0.1,배당소득세(보유기간과세)
364980,TIGER 2차전지TOP10,2020.10.7,주식-업종섹터-업종테마,미래에셋자산운용,-46.85,KRX 2차전지 TOP 10 지수,0.42,3.47218E+11,-0.48,매우높음,실물(패시브),0.4,비과세
412570,TIGER 2차전지TOP10레버리지,2021.12.15,주식-업종섹터-업종테마,미래에셋자산운용,-78.64,KRX 2차전지 TOP 10 지수,8.87,73648754203,-0.08,매우높음,실물(패시브),0.29,배당소득세(보유기간과세)
462010,TIGER 2차전지소재Fn,2023.7.13,주식-업종섹터-업종테마,미래에셋자산운용,-43.41,FnGuide 2차전지소재 (Price Return) 지수,0.53,6.26412E+11,-0.39,매우높음,실물(패시브),0.39,비과세
305540,TIGER 2차전지테마,2018.9.12,주식-업종섹터-업종테마,미래에셋자산운용,-40.36,WISE 2차전지 테마 지수,0.46,1.13518E+12,-0.37,매우높음,실물(패시브),0.44,비과세
471760,TIGER AI반도체핵심공정,2023.11.21,주식-업종섹터-업종테마,미래에셋자산운용,0,iSelect AI반도체핵심공정지수,1.19,90342149816,0.14,매우높음,실물(패시브),0.45,비과세
365040,TIGER AI코리아그로스액티브,2020.9.29,주식-시장대표,미래에셋자산운용,12.16,코스피,1.66,12247872275,-0.36,보통,실물(액티브),0.4,배당소득세(보유기간과세)
364960,TIGER BBIG,2020.10.7,주식-업종섹터-업종테마,미래에셋자산운용,-10.66,KRX BBIG 지수,0.85,1.53849E+11,-0.3,매우높음,실물(패시브),0.4,비과세
412560,TIGER BBIG레버리지,2021.12.15,주식-업종섹터-업종테마,미래에셋자산운용,-24.64,KRX BBIG 지수,9.35,1653072208,2.11,매우높음,실물(패시브),0.59,배당소득세(보유기간과세)
475630,TIGER CD1년금리액티브(합성),2024.2.6,기타,미래에셋자산운용,0,KIS CD 1Y 총수익지수,0.01,1.14129E+12,0.03,매우낮음,합성(액티브),0.009,배당소득세(보유기간과세)
357870,TIGER CD금리투자KIS(합성),2020.7.7,기타,미래에셋자산운용,3.72,KIS CD Index(총수익),0.03,6.52562E+12,0.03,매우낮음,합성(패시브),0.03,배당소득세(보유기간과세)
400970,TIGER Fn메타버스,2021.10.13,주식-업종섹터-업종테마,미래에셋자산운용,-20.39,FnGuide 메타버스테마 지수,0.43,1.06962E+11,-0.38,높음,실물(패시브),0.45,비과세
396500,TIGER Fn반도체TOP10,2021.8.10,주식-업종섹터-업종테마,미래에셋자산운용,40.46,FnGuide 반도체TOP10 지수,0.39,1.00761E+12,-0.07,매우높음,실물(패시브),0.45,비과세
377990,TIGER Fn신재생에너지,2021.3.5,주식-업종섹터-업종테마,미래에셋자산운용,-15.23,FnGuide 신재생에너지 지수,0.43,20079187231,0.07,매우높음,실물(패시브),0.5,비과세
417630,TIGER KEDI혁신기업ESG30,2022.2.8,주식-업종섹터-업종테마,미래에셋자산운용,-4.55,KEDI 혁신기업ESG30 지수(시장가격 지수),0.44,22213990150,-0.37,높음,실물(패시브),0.5,비과세
449170,TIGER KOFR금리액티브(합성),2022.11.30,기타,미래에셋자산운용,3.66,KOFR 지수,0.03,3.84752E+12,0.01,매우낮음,합성(액티브),0.03,배당소득세(보유기간과세)
292160,TIGER KRX300,2018.3.26,주식-시장대표,미래에셋자산운용,12.34,KRX 300,0.58,9255147635,-0.89,보통,실물(패시브),0.07,비과세
404540,TIGER KRX기후변화솔루션,2021.10.29,주식-전략-전략테마,미래에셋자산운용,-13.86,KRX 기후변화 솔루션지수,0.52,12374882100,-0.34,매우높음,실물(패시브),0.09,비과세
228820,TIGER KTOP30,2015.10.14,주식-시장대표,미래에셋자산운용,-0.11,KTOP 30,0.58,7756218951,-0.38,보통,실물(패시브),0.21,비과세
300610,TIGER K게임,2018.7.24,주식-업종섹터-업종테마,미래에셋자산운용,-6.35,WISE K게임 테마 지수,0.37,13828222115,-0.1,매우높음,실물(패시브),0.5,비과세
138530,TIGER LG그룹+펀더멘털,2011.3.10,주식-전략-기업그룹,미래에셋자산운용,-12.85,MKF LG그룹+ FW,0.84,11838359439,-0.3,보통,실물(패시브),0.15,비과세
445910,TIGER MKF배당귀족,2022.10.18,주식-전략-배당,미래에셋자산운용,19.93,MKF 배당귀족 지수(시장가격지수),0.51,8809685884,-0.32,낮음,실물(패시브),0.2,비과세
289260,TIGER MSCI KOREA ESG리더스,2018.2.7,주식-전략-전략테마,미래에셋자산운용,6.1,MSCI Korea Country ESG Leaders Capped Index,0.83,14605745629,-0.64,높음,실물(패시브),0.4,비과세
289250,TIGER MSCI KOREA ESG유니버설,2018.2.7,주식-전략-전략테마,미래에셋자산운용,11.42,MSCI Korea ESG Universal Index,0.97,6854558669,-0.96,보통,실물(패시브),0.4,비과세
310970,TIGER MSCI Korea TR,2018.11.20,주식-시장대표,미래에셋자산운용,12.26,MSCI Korea TR Index,0.25,1.29286E+12,-0.66,보통,실물(패시브),0.12,배당소득세(보유기간과세)
292150,TIGER TOP10,2018.3.30,주식-규모-대형주,미래에셋자산운용,12.86,FnGuide TOP10 지수,0.78,1.20066E+12,0.03,높음,실물(패시브),0.15,비과세
364990,TIGER 게임TOP10,2020.10.7,주식-업종섹터-업종테마,미래에셋자산운용,0.28,KRX 게임 TOP 10 지수,0.51,19022589989,-0.37,매우높음,실물(패시브),0.4,비과세
139280,TIGER 경기방어,2011.4.6,주식-업종섹터-업종테마,미래에셋자산운용,18.28,코스피 200 경기방어소비재,0.51,63912521468,0.08,보통,실물(패시브),0.4,비과세
237440,TIGER 경기방어채권혼합,2016.1.27,혼합자산-주식+채권,미래에셋자산운용,6.45,경기방어소비재 채권혼합 지수,0.51,7429478764,-0.45,매우낮음,실물(패시브),0.18,배당소득세(보유기간과세)
451530,TIGER 국고채30년스트립액티브,2023.2.1,채권-국공채-장기,미래에셋자산운용,22.31,KIS STRIP 30Y Index(총수익지수),1.22,1.61297E+11,-0.01,보통,실물(액티브),0.15,배당소득세(보유기간과세)
114820,TIGER 국채3년,2009.8.27,채권-국공채-중기,미래에셋자산운용,1.24,KTB INDEX(시장가격),0.15,63550572728,0.01,매우낮음,실물(패시브),0.15,배당소득세(보유기간과세)
272580,TIGER 단기채권액티브,2017.6.29,채권-혼합-단기,미래에셋자산운용,3.8,KIS MSB 6M PLUS 지수,0.07,7.54634E+11,0.05,매우낮음,실물(액티브),0.06,배당소득세(보유기간과세)
157450,TIGER 단기통안채,2012.5.16,채권-국공채-단기,미래에셋자산운용,3.55,KIS MSB 6M(총수익),0.04,7.74384E+11,0.02,매우낮음,실물(패시브),0.07,배당소득세(보유기간과세)
123320,TIGER 레버리지,2010.4.9,주식-시장대표,미래에셋자산운용,24.9,코스피 200,3.08,33786923122,0.13,매우높음,실물(패시브),0.022,배당소득세(보유기간과세)
174350,TIGER 로우볼,2013.6.20,주식-전략-변동성,미래에셋자산운용,24.39,FnGuide Low Vol 지수,1.14,8559357159,-0.49,낮음,실물(패시브),0.4,비과세
329200,TIGER 리츠부동산인프라,2019.7.19,부동산,미래에셋자산운용,1.3,FnGuide 리츠부동산인프라,2.28,4.99804E+11,-0.02,매우낮음,실물(패시브),0.29,비과세
341850,TIGER 리츠부동산인프라채권TR KIS,2020.5.22,혼합자산-주식+채권,미래에셋자산운용,2.17,KIS 리츠부동산인프라채권TR 지수,3.14,20332133635,-0.38,매우낮음,실물(패시브),0.22,배당소득세(분리과세부동산ETF)
147970,TIGER 모멘텀,2011.10.26,주식-전략-성장,미래에셋자산운용,25.05,FnGuide 모멘텀 지수,0.46,3078213794,-0.27,보통,실물(패시브),0.23,비과세
261110,TIGER 미국달러선물레버리지,2016.12.27,통화-미국달러,미래에셋자산운용,25.73,미국달러선물지수,1.33,8892139785,-0.27,보통,실물(패시브),0.05,배당소득세(보유기간과세)
261120,TIGER 미국달러선물인버스2X,2016.12.27,통화-미국달러,미래에셋자산운용,-19.7,미국달러선물지수,1.18,25838299318,-0.04,보통,실물(패시브),0.05,배당소득세(보유기간과세)
228810,TIGER 미디어컨텐츠,2015.10.7,주식-업종섹터-업종테마,미래에셋자산운용,-30.55,WISE 미디어컨텐츠 지수,0.5,73966764814,-0.23,매우높음,실물(패시브),0.44,비과세
364970,TIGER 바이오TOP10,2020.10.7,주식-업종섹터-업종테마,미래에셋자산운용,19.77,KRX 바이오 TOP 10 지수,0.86,1.22926E+11,-0.16,매우높음,실물(패시브),0.4,비과세
091230,TIGER 반도체,2006.6.27,주식-업종섹터-정보기술,미래에셋자산운용,22.24,KRX 반도체,0.35,2.5411E+11,0,매우높음,실물(패시브),0.46,비과세
098560,TIGER 방송통신,2007.9.7,주식-업종섹터-경기소비재,미래에셋자산운용,-1.45,KRX 방송통신,1.5,3267773850,-0.26,낮음,실물(패시브),0.46,비과세
211560,TIGER 배당성장,2014.12.17,주식-전략-배당,미래에셋자산운용,26.68,코스피 배당성장 50,1.1,20097811856,-0.13,낮음,실물(패시브),0.115,비과세
472150,TIGER 배당프리미엄액티브,2023.12.12,주식-전략-구조화,미래에셋자산운용,0,코스피 200 커버드콜 5% OTM,2.36,1.24739E+11,-0.14,낮음,실물(액티브),0.5,배당소득세(보유기간과세)
138520,TIGER 삼성그룹펀더멘털,2011.3.7,주식-전략-기업그룹,미래에셋자산운용,14.44,MKF SAMs FW,0.58,22475101261,-0.19,보통,실물(패시브),0.113,비과세
157490,TIGER 소프트웨어,2012.5.16,주식-업종섹터-정보기술,미래에셋자산운용,-11.11,FnGuide 소프트웨어 지수,0.25,93086229687,-0.28,높음,실물(패시브),0.4,비과세
463250,TIGER 스페이스테크iSelect,2023.7.25,주식-업종섹터-업종테마,미래에셋자산운용,0,iSelect 스페이스테크 지수,0.4,20749241607,-0.01,매우높음,실물(패시브),0.45,비과세
228800,TIGER 여행레저,2015.10.7,주식-업종섹터-업종테마,미래에셋자산운용,-14.13,WISE 여행레저 지수,0.79,1.15077E+11,-0.44,높음,실물(패시브),0.5,비과세
227570,TIGER 우량가치,2015.9.23,주식-전략-가치,미래에셋자산운용,15.03,FnGuide 퀄리티밸류 지수,1.01,7621265406,-0.35,보통,실물(패시브),0.35,비과세
261140,TIGER 우선주,2017.1.6,주식-전략-전략테마,미래에셋자산운용,10.59,코스피 우선주 지수,1.94,7695146576,-0.27,보통,실물(패시브),0.29,비과세
091220,TIGER 은행,2006.6.27,주식-업종섹터-금융,미래에셋자산운용,43.62,KRX 은행,2.42,9723010786,0.01,매우높음,실물(패시브),0.46,비과세
466940,TIGER 은행고배당플러스TOP10,2023.10.17,주식-전략-배당,미래에셋자산운용,0,FnGuide 은행고배당플러스TOP10 지수(시장가격 지수),3.02,3.0549E+11,-0.08,매우높음,실물(패시브),0.3,비과세
307510,TIGER 의료기기,2018.11.8,주식-업종섹터-업종테마,미래에셋자산운용,-9.09,FnGuide 의료기기 지수,0.32,7389008087,-1.14,높음,실물(패시브),0.5,비과세
123310,TIGER 인버스,2010.3.29,주식-시장대표,미래에셋자산운용,-10.83,코스피 200 선물지수,0.72,36950930449,-0.16,보통,실물(패시브),0.022,배당소득세(보유기간과세)
365000,TIGER 인터넷TOP10,2020.10.7,주식-업종섹터-업종테마,미래에셋자산운용,-0.26,KRX 인터넷 TOP 10 지수,2.92,36233570896,-0.37,매우높음,실물(패시브),0.4,비과세
292560,TIGER 일본엔선물,2018.4.17,통화-일본엔,미래에셋자산운용,-4.43,엔선물지수,1.93,1.57313E+11,-0.03,매우낮음,실물(패시브),0.21,배당소득세(보유기간과세)
451540,TIGER 종합채권(AA-이상)액티브,2023.2.1,채권-혼합-중기,미래에셋자산운용,7.93,KIS 종합채권 AA-이상 총수익 지수(Total return Index),0.16,6.51405E+11,0.02,매우낮음,실물(액티브),0.03,배당소득세(보유기간과세)
150460,TIGER 중국소비테마,2011.12.16,주식-전략-전략테마,미래에셋자산운용,10.02,FnGuide 중국내수테마 지수,0.95,94242063262,-1.66,높음,실물(패시브),0.5,비과세
302190,TIGER 중장기국채,2018.7.20,채권-국공채-중기,미래에셋자산운용,5.18,KIS 국채 3-10년 지수(시장가격지수),0.13,3.07807E+11,-0.01,매우낮음,실물(패시브),0.13,배당소득세(보유기간과세)
157500,TIGER 증권,2012.5.16,주식-업종섹터-금융,미래에셋자산운용,42.63,FnGuide 증권 지수,1.12,6869700831,0.06,높음,실물(패시브),0.4,비과세
307520,TIGER 지주회사,2018.11.8,주식-업종섹터-업종테마,미래에셋자산운용,25.23,FnGuide 지주회사 지수,0.64,5372524360,0,높음,실물(패시브),0.5,비과세
471780,TIGER 코리아테크액티브,2023.11.28,주식-업종섹터-정보기술,미래에셋자산운용,0,KRX 정보기술,8.31,11063891084,0.27,높음,실물(액티브),0.77,배당소득세(보유기간과세)
232080,TIGER 코스닥150,2015.11.12,주식-시장대표,미래에셋자산운용,-4.99,코스닥 150,0.33,91448510039,-0.18,매우높음,실물(패시브),0.19,비과세
233160,TIGER 코스닥150 레버리지,2015.12.17,주식-시장대표,미래에셋자산운용,-16.22,코스닥 150,8.36,47770151644,0.25,매우높음,실물(패시브),0.32,배당소득세(보유기간과세)
261060,TIGER 코스닥150IT,2016.12.15,주식-업종섹터-정보기술,미래에셋자산운용,-3.62,코스닥 150 정보기술,0.35,7125315355,-1.19,매우높음,실물(패시브),0.4,비과세
261070,TIGER 코스닥150바이오테크,2016.12.15,주식-업종섹터-헬스케어,미래에셋자산운용,71.33,코스닥 150 헬스케어,0.82,25865205621,-0.54,매우높음,실물(패시브),0.4,비과세
250780,TIGER 코스닥150선물인버스,2016.8.10,주식-시장대표,미래에셋자산운용,-4.22,F-코스닥150 지수,0.23,14568473235,-0.2,매우높음,실물(패시브),0.32,배당소득세(보유기간과세)
461580,TIGER 코스닥글로벌,2023.6.29,주식-시장대표,미래에셋자산운용,12.53,코스닥 글로벌 지수,3.43,5891803048,-0.54,매우높음,실물(패시브),0.15,비과세
277630,TIGER 코스피,2017.8.31,주식-시장대표,미래에셋자산운용,9.05,코스피,0.61,1.20068E+11,-0.24,보통,실물(패시브),0.12,비과세
210780,TIGER 코스피고배당,2014.12.5,주식-전략-배당,미래에셋자산운용,15.39,코스피 고배당 50,1.91,19442325317,-0.28,낮음,실물(패시브),0.24,비과세
277640,TIGER 코스피대형주,2017.8.31,주식-규모-대형주,미래에셋자산운용,9.12,코스피 대형주,0.63,5669747300,0,보통,실물(패시브),0.24,비과세
277650,TIGER 코스피중형주,2017.8.31,주식-규모-중형주,미래에셋자산운용,8.35,코스피 중형주,0.45,5415219082,-0.24,낮음,실물(패시브),0.24,비과세
376410,TIGER 탄소효율그린뉴딜,2021.2.5,주식-전략-전략테마,미래에셋자산운용,11.8,KRX/S&P 탄소효율 그린뉴딜지수,0.61,15575245753,-0.25,보통,실물(패시브),0.09,비과세
438330,TIGER 투자등급회사채액티브,2022.8.23,채권-회사채-중기,미래에셋자산운용,7.52,KIS 투자등급회사채 지수(총수익),0.35,1.81458E+11,0.03,매우낮음,실물(액티브),0.1,배당소득세(보유기간과세)
387280,TIGER 퓨처모빌리티액티브,2021.5.25,주식-업종섹터-업종테마,미래에셋자산운용,-23.75,FnGuide 퓨처모빌리티 지수,12.25,19683809428,-0.56,높음,실물(액티브),0.77,배당소득세(보유기간과세)
143860,TIGER 헬스케어,2011.7.18,주식-업종섹터-헬스케어,미래에셋자산운용,38.11,KRX 헬스케어,0.28,2.81525E+11,-0.59,매우높음,실물(패시브),0.4,비과세
138540,TIGER 현대차그룹+펀더멘털,2011.3.10,주식-전략-기업그룹,미래에셋자산운용,19.36,MKF 현대차그룹+ FW,1.84,1.40274E+11,-0.29,높음,실물(패시브),0.15,비과세
228790,TIGER 화장품,2015.10.7,주식-업종섹터-업종테마,미래에셋자산운용,43.02,WISE 화장품 지수,0.36,1.63502E+11,-0.23,매우높음,실물(패시브),0.5,비과세
441800,TIMEFOLIO Korea플러스배당액티브,2022.9.27,주식-시장대표,타임폴리오자산운용,31.88,코스피 200,11.92,57485367858,0.08,보통,실물(액티브),0.8,배당소득세(보유기간과세)
463050,TIMEFOLIO K바이오액티브,2023.8.17,주식-업종섹터-헬스케어,타임폴리오자산운용,0,KRX 헬스케어,20.94,1.12093E+11,-0.12,매우높음,실물(액티브),0.8,배당소득세(보유기간과세)
404120,TIMEFOLIO K신재생에너지액티브,2021.10.29,주식-전략-전략테마,타임폴리오자산운용,-2.99,KRX 기후변화 솔루션지수,17.19,8609001092,-0.62,높음,실물(액티브),0.8,배당소득세(보유기간과세)
385710,TIMEFOLIO K이노베이션액티브,2021.5.25,주식-업종섹터-업종테마,타임폴리오자산운용,-14.57,KRX BBIG 지수,17.56,8892326292,-0.67,매우높음,실물(액티브),0.8,배당소득세(보유기간과세)
410870,TIMEFOLIO K컬처액티브,2021.12.15,주식-전략-전략테마,타임폴리오자산운용,12.49,FnGuide K-컬처 지수,18.08,9094272349,-0.64,매우높음,실물(액티브),0.8,배당소득세(보유기간과세)
385720,TIMEFOLIO 코스피액티브,2021.5.25,주식-시장대표,타임폴리오자산운용,14.02,코스피,7.71,31755586751,-0.38,보통,실물(액티브),0.8,배당소득세(보유기간과세)
108590,TREX 200,2009.1.23,주식-시장대표,유리에셋,12.75,코스피 200,0.71,7925179031,-0.17,보통,실물(패시브),0.325,비과세
145850,TREX 펀더멘탈 200,2011.9.23,주식-전략-가치,유리에셋,18.38,FnGuide-RAFI 코리아200 지수,0.91,10856548163,0.18,보통,실물(패시브),0.34,비과세
472720,TRUSTON 주주가치액티브,2023.12.14,주식-시장대표,트러스톤자산운용,0,코스피 200,12.16,17951280086,-0.56,보통,실물(액티브),0.785,배당소득세(보유기간과세)
433250,UNICORN R&D 액티브,2022.7.6,주식-시장대표,현대자산운용,9.86,코스피 200,4.57,5044819396,-1.05,보통,실물(액티브),0.355,배당소득세(보유기간과세)
470310,UNICORN 생성형AI강소기업액티브,2023.11.21,주식-업종섹터-업종테마,현대자산운용,0,iSelect AI 지수,13.71,49345567311,-0.36,매우높음,실물(액티브),0.5,배당소득세(보유기간과세)
476000,UNICORN 포스트IPO액티브,2024.2.27,주식-전략-전략테마,현대자산운용,0,iSelect 포스트 IPO 지수,16.51,4804009478,-1.21,매우높음,실물(액티브),0.5,배당소득세(보유기간과세)
422260,VITA MZ소비액티브,2022.3.29,주식-업종섹터-업종테마,한국투자밸류자산운용,13.74,FnGuide MZ 소비 지수,13.34,13590368125,-0.89,높음,실물(액티브),0.6,배당소득세(보유기간과세)
452440,VITA 밸류알파액티브,2023.2.21,주식-전략-가치,한국투자밸류자산운용,22.64,FnGuide 밸류알파지수,12.67,9657868420,-0.49,낮음,실물(액티브),0.6,배당소득세(보유기간과세)
448100,WOORI 200,2022.12.16,주식-시장대표,우리자산운용,13.39,코스피 200,0.66,7952468201,-0.62,보통,실물(패시브),0.05,비과세
468820,WOORI 25-09 회사채(AA-이상)액티브,2023.10.19,채권-회사채-단기,우리자산운용,0,KAP 25-09 회사채 총수익 지수(AA-이상),0.18,1.06245E+11,0.04,매우낮음,실물(액티브),0.05,배당소득세(보유기간과세)
413930,WOORI AI ESG액티브,2022.1.5,주식-전략-전략테마,우리자산운용,16.2,MK-iSelect AI ESG 지수(시장가격지수),3.56,8246831402,-0.52,보통,실물(액티브),0.31,배당소득세(보유기간과세)
458030,WOORI 단기국공채액티브,2023.5.31,채권-국공채-단기,우리자산운용,3.92,KAP 단기 국공채 총수익 지수,0.03,43052149651,0,매우낮음,실물(액티브),0.065,배당소득세(보유기간과세)
426150,WOORI 대한민국국고채액티브,2022.5.11,채권-국공채-장기,우리자산운용,9.06,KAP 한국 국고채 총수익 지수,0.38,40336003275,0.03,매우낮음,실물(액티브),0.07,배당소득세(보유기간과세)
474590,WOORI 반도체밸류체인액티브,2024.1.16,주식-업종섹터-업종테마,우리자산운용,0,FnGuide 반도체 밸류체인 (Price Return) 지수,8.45,87310898728,-0.14,매우높음,실물(액티브),0.31,배당소득세(보유기간과세)
480460,WOORI 한국부동산TOP3플러스,2024.4.30,부동산,우리자산운용,0,DeepSearch 한국부동산TOP3플러스 지수,2.93,10575583346,-0.29,매우낮음,실물(패시브),0.25,비과세(분리과세부동산ETF)
403790,마이다스 KoreaStock액티브,2021.10.13,주식-시장대표,마이다스에셋,13.99,코스피,2.6,51633414547,-0.6,보통,실물(액티브),0.62,배당소득세(보유기간과세)
438740,마이다스 KoreaStock중소형액티브,2022.8.17,주식-규모-중형주,마이다스에셋,-4.24,코스피 중형주,11.99,8170567206,-0.47,보통,실물(액티브),0.62,배당소득세(보유기간과세)
465780,마이티 26-09 특수채(AAA)액티브,2023.9.21,채권-국공채-중기,디비자산운용,0,KAP 26-09 특수채 지수(총수익),0.14,77097573449,0.03,매우낮음,실물(액티브),0.06,배당소득세(보유기간과세)
442260,마이티 다이나믹퀀트액티브,2022.10.25,주식-시장대표,디비자산운용,16.96,코스피 200,2.66,19216891806,-0.01,보통,실물(액티브),0.3,배당소득세(보유기간과세)
159800,마이티 코스피100,2012.7.5,주식-시장대표,디비자산운용,14.92,코스피 100,1,15628523385,0.08,매우높음,실물(패시브),0.39,비과세
442090,에셋플러스 코리아대장장이액티브,2022.9.20,주식-전략-전략테마,에셋플러스자산운용,-11.43,FnGuide 대장장이 지수(Price Return),15.38,9122271532,-0.77,높음,실물(액티브),0.975,배당소득세(보유기간과세)
407820,에셋플러스 코리아플랫폼액티브,2021.11.16,주식-전략-전략테마,에셋플러스자산운용,-8.67,FnGuide 플랫폼 지수(Price Return),12.41,14747996770,-0.2,낮음,실물(액티브),0.975,배당소득세(보유기간과세)
152870,파워 200,2012.2.13,주식-시장대표,교보악사자산운용,13.63,코스피 200,0.63,29606720979,-0.2,보통,실물(패시브),0.145,비과세
192720,파워 고배당저변동성,2014.2.20,주식-전략-배당,교보악사자산운용,20.26,코스피 200 고배당지수,1.17,7734579072,-0.27,낮음,실물(패시브),0.23,비과세
140950,파워 코스피100,2011.5.3,주식-시장대표,교보악사자산운용,13.39,코스피 100,0.66,14255022386,-0.18,매우높음,실물(패시브),0.155,비과세
464230,히어로즈 24-09 회사채(AA-이상)액티브,2023.8.17,채권-회사채-단기,키움투자자산운용,0,KIS 2409 만기형 크레딧 종합채권 지수(AA-이상)(총수익지수),0.09,1.4606E+11,0.01,매우낮음,실물(액티브),0.05,배당소득세(보유기간과세)
464240,히어로즈 26-09 회사채(AA-이상)액티브,2023.8.17,채권-회사채-단기,키움투자자산운용,0,KIS 2609 만기형 크레딧 종합채권 지수(AA-이상)(총수익지수),0.15,69592455004,0,매우낮음,실물(액티브),0.07,배당소득세(보유기간과세)
458210,히어로즈 CD금리액티브(합성),2023.5.23,기타,키움투자자산운용,3.58,FnGuide CD91일 금리투자 지수(총수익),0.05,1.12177E+11,0.02,매우낮음,합성(액티브),0.03,배당소득세(보유기간과세)
471460,히어로즈 국고채30년액티브,2023.11.7,채권-국공채-장기,키움투자자산운용,0,KIS-키움 국고채30년 지수(총수익지수),0.38,9722555722,-0.02,낮음,실물(액티브),0.035,배당소득세(보유기간과세)
419890,히어로즈 단기채권ESG액티브,2022.3.3,채권-혼합-단기,키움투자자산운용,4.95,KIS ESG 9M~1.5Y,0.15,1.03653E+11,0.01,매우낮음,실물(액티브),0.15,배당소득세(보유기간과세)
429870,히어로즈 리츠이지스액티브,2022.5.24,부동산-리츠,키움투자자산운용,7.36,iSelect 리츠 지수,3.14,4756890217,-0.67,낮음,실물(액티브),0.52,배당소득세(분리과세부동산ETF)
476450,히어로즈 머니마켓액티브,2024.2.29,채권-혼합-단기,키움투자자산운용,0,KIS-키움 MMF지수(총수익지수),0.05,3.69529E+11,0.03,매우낮음,실물(액티브),0.05,배당소득세(보유기간과세)
454780,히어로즈 종합채권(AA-이상)액티브,2023.4.11,채권-혼합-중기,키움투자자산운용,7.62,KIS 종합 채권시장지수(AA-이상)(총수익지수),0.33,2.74472E+11,-0.05,매우낮음,실물(액티브),0.025,배당소득세(보유기간과세)